DATE.spb,CONFIRMED.spb,RECOVERED.spb,ACTIVE.spb,IN_HOSPITALS.spb,HOSPITALIZED_TODAY.spb,PCR_TESTS,V1.CS,V1.TODAY,V2.CS,V2.TODAY,V.REMAINING,VR1.CS,VR1.TODAY,VR2.CS,VR2.TODAY,DESIGNATED_BEDS,FREE_BEDS,OCCUPIED_BEDS_CALCULATED,WEEKLY.REPORTS.WEEK.END,WEEKLY.REPORTS.BEDS_OCCUPIED.hard,WEEKLY.REPORTS.BEDS_OCCUPIED.mid,WEEKLY.REPORTS.BEDS_OCCUPIED.lite,WEEKLY.REPORTS.BEDS_FREE,VENT
2020-03-02,NA,NA,NA,NA,NA,NA,NA,NA,NA,NA,NA,NA,NA,NA,NA,NA,NA,NA,NA,NA,NA,NA,NA,NA
2020-03-03,NA,NA,NA,NA,NA,NA,NA,NA,NA,NA,NA,NA,NA,NA,NA,NA,NA,NA,NA,NA,NA,NA,NA,NA
2020-03-04,NA,NA,NA,NA,NA,NA,NA,NA,NA,NA,NA,NA,NA,NA,NA,NA,NA,NA,NA,NA,NA,NA,NA,NA
2020-03-05,NA,NA,NA,NA,NA,NA,NA,NA,NA,NA,NA,NA,NA,NA,NA,NA,NA,NA,NA,NA,NA,NA,NA,NA
2020-03-06,NA,NA,NA,NA,NA,NA,NA,NA,NA,NA,NA,NA,NA,NA,NA,NA,NA,NA,NA,NA,NA,NA,NA,NA
2020-03-07,NA,NA,NA,NA,NA,NA,NA,NA,NA,NA,NA,NA,NA,NA,NA,NA,NA,NA,NA,NA,NA,NA,NA,NA
2020-03-08,NA,NA,NA,NA,NA,NA,NA,NA,NA,NA,NA,NA,NA,NA,NA,NA,NA,NA,NA,NA,NA,NA,NA,NA
2020-03-09,NA,NA,NA,NA,NA,NA,NA,NA,NA,NA,NA,NA,NA,NA,NA,NA,NA,NA,NA,NA,NA,NA,NA,NA
2020-03-10,NA,NA,NA,NA,NA,NA,NA,NA,NA,NA,NA,NA,NA,NA,NA,NA,NA,NA,NA,NA,NA,NA,NA,NA
2020-03-11,NA,NA,NA,NA,NA,NA,NA,NA,NA,NA,NA,NA,NA,NA,NA,NA,NA,NA,NA,NA,NA,NA,NA,NA
2020-03-12,NA,NA,NA,NA,NA,NA,NA,NA,NA,NA,NA,NA,NA,NA,NA,NA,NA,NA,NA,NA,NA,NA,NA,NA
2020-03-13,NA,NA,NA,NA,NA,NA,NA,NA,NA,NA,NA,NA,NA,NA,NA,NA,NA,NA,NA,NA,NA,NA,NA,NA
2020-03-14,NA,NA,NA,NA,NA,NA,NA,NA,NA,NA,NA,NA,NA,NA,NA,NA,NA,NA,NA,NA,NA,NA,NA,NA
2020-03-15,NA,NA,NA,NA,NA,NA,NA,NA,NA,NA,NA,NA,NA,NA,NA,NA,NA,NA,NA,NA,NA,NA,NA,NA
2020-03-16,NA,NA,NA,NA,NA,NA,NA,NA,NA,NA,NA,NA,NA,NA,NA,NA,NA,NA,NA,NA,NA,NA,NA,NA
2020-03-17,NA,NA,NA,NA,NA,NA,NA,NA,NA,NA,NA,NA,NA,NA,NA,NA,NA,NA,NA,NA,NA,NA,NA,NA
2020-03-18,NA,NA,NA,NA,NA,NA,NA,NA,NA,NA,NA,NA,NA,NA,NA,NA,NA,NA,NA,NA,NA,NA,NA,NA
2020-03-19,NA,NA,NA,NA,NA,NA,NA,NA,NA,NA,NA,NA,NA,NA,NA,NA,NA,NA,NA,NA,NA,NA,NA,NA
2020-03-20,NA,NA,NA,NA,NA,NA,NA,NA,NA,NA,NA,NA,NA,NA,NA,NA,NA,NA,NA,NA,NA,NA,NA,NA
2020-03-21,NA,NA,NA,NA,NA,NA,NA,NA,NA,NA,NA,NA,NA,NA,NA,NA,NA,NA,NA,NA,NA,NA,NA,NA
2020-03-22,NA,NA,NA,NA,NA,NA,NA,NA,NA,NA,NA,NA,NA,NA,NA,NA,NA,NA,NA,NA,NA,NA,NA,NA
2020-03-23,NA,NA,NA,NA,NA,NA,NA,NA,NA,NA,NA,NA,NA,NA,NA,NA,NA,NA,NA,NA,NA,NA,NA,NA
2020-03-24,NA,NA,NA,NA,NA,NA,NA,NA,NA,NA,NA,NA,NA,NA,NA,NA,NA,NA,NA,NA,NA,NA,NA,NA
2020-03-25,NA,NA,NA,NA,NA,NA,NA,NA,NA,NA,NA,NA,NA,NA,NA,NA,NA,NA,NA,NA,NA,NA,NA,NA
2020-03-26,NA,NA,NA,NA,NA,NA,NA,NA,NA,NA,NA,NA,NA,NA,NA,NA,NA,NA,NA,NA,NA,NA,NA,NA
2020-03-27,NA,NA,NA,NA,NA,NA,NA,NA,NA,NA,NA,NA,NA,NA,NA,NA,NA,NA,NA,NA,NA,NA,NA,NA
2020-03-28,NA,NA,NA,NA,NA,NA,NA,NA,NA,NA,NA,NA,NA,NA,NA,NA,NA,NA,NA,NA,NA,NA,NA,NA
2020-03-29,NA,NA,NA,NA,NA,2263,NA,NA,NA,NA,NA,NA,NA,NA,NA,NA,NA,NA,NA,NA,NA,NA,NA,NA
2020-03-30,NA,NA,NA,NA,NA,2263,NA,NA,NA,NA,NA,NA,NA,NA,NA,NA,NA,NA,NA,NA,NA,NA,NA,NA
2020-03-31,NA,NA,NA,NA,NA,3241,NA,NA,NA,NA,NA,NA,NA,NA,NA,NA,NA,NA,NA,NA,NA,NA,NA,NA
2020-04-01,NA,NA,NA,NA,NA,NA,NA,NA,NA,NA,NA,NA,NA,NA,NA,NA,NA,NA,NA,NA,NA,NA,NA,NA
2020-04-02,NA,NA,NA,NA,NA,NA,NA,NA,NA,NA,NA,NA,NA,NA,NA,NA,NA,NA,NA,NA,NA,NA,NA,NA
2020-04-03,NA,NA,NA,NA,17,NA,NA,NA,NA,NA,NA,NA,NA,NA,NA,NA,NA,NA,NA,NA,NA,NA,NA,NA
2020-04-04,NA,NA,NA,NA,31,NA,NA,NA,NA,NA,NA,NA,NA,NA,NA,NA,NA,NA,NA,NA,NA,NA,NA,NA
2020-04-05,NA,NA,NA,NA,19,NA,NA,NA,NA,NA,NA,NA,NA,NA,NA,NA,NA,NA,NA,NA,NA,NA,NA,NA
2020-04-06,NA,NA,NA,NA,17,NA,NA,NA,NA,NA,NA,NA,NA,NA,NA,NA,NA,NA,NA,NA,NA,NA,NA,NA
2020-04-07,NA,NA,NA,NA,13,6957,NA,NA,NA,NA,NA,NA,NA,NA,NA,NA,NA,NA,NA,NA,NA,NA,NA,NA
2020-04-08,NA,NA,NA,NA,8,3279,NA,NA,NA,NA,NA,NA,NA,NA,NA,NA,NA,NA,NA,NA,NA,NA,NA,NA
2020-04-09,NA,NA,NA,NA,39,8811,NA,NA,NA,NA,NA,NA,NA,NA,NA,NA,NA,NA,NA,NA,NA,NA,NA,NA
2020-04-10,NA,NA,NA,NA,88,6736,NA,NA,NA,NA,NA,NA,NA,NA,NA,NA,NA,NA,NA,NA,NA,NA,NA,NA
2020-04-11,NA,NA,NA,NA,95,7554,NA,NA,NA,NA,NA,NA,NA,NA,NA,NA,NA,NA,NA,NA,NA,NA,NA,NA
2020-04-12,NA,NA,NA,NA,701,5589,NA,NA,NA,NA,NA,NA,NA,NA,NA,NA,NA,NA,NA,NA,NA,NA,NA,NA
2020-04-13,NA,NA,NA,NA,372,1821,NA,NA,NA,NA,NA,NA,NA,NA,NA,NA,NA,NA,NA,NA,NA,NA,NA,NA
2020-04-14,NA,NA,NA,NA,84,4703,NA,NA,NA,NA,NA,NA,NA,NA,NA,NA,NA,NA,NA,NA,NA,NA,NA,NA
2020-04-15,NA,NA,NA,NA,279,3844,NA,NA,NA,NA,NA,NA,NA,NA,NA,NA,NA,NA,NA,NA,NA,NA,NA,NA
2020-04-16,NA,NA,NA,NA,1129,7900,NA,NA,NA,NA,NA,NA,NA,NA,NA,NA,NA,NA,NA,NA,NA,NA,NA,NA
2020-04-17,NA,NA,NA,NA,396,9413,NA,NA,NA,NA,NA,NA,NA,NA,NA,NA,NA,NA,NA,NA,NA,NA,NA,NA
2020-04-18,NA,NA,NA,NA,371,8763,NA,NA,NA,NA,NA,NA,NA,NA,NA,NA,NA,NA,NA,NA,NA,NA,NA,NA
2020-04-19,NA,NA,NA,NA,176,9222,NA,NA,NA,NA,NA,NA,NA,NA,NA,NA,NA,NA,NA,NA,NA,NA,NA,NA
2020-04-20,NA,NA,NA,NA,237,4768,NA,NA,NA,NA,NA,NA,NA,NA,NA,NA,NA,NA,NA,NA,NA,NA,NA,NA
2020-04-21,NA,NA,NA,NA,494,7209,NA,NA,NA,NA,NA,NA,NA,NA,NA,NA,NA,NA,NA,NA,NA,NA,NA,NA
2020-04-22,NA,NA,NA,NA,517,7471,NA,NA,NA,NA,NA,NA,NA,NA,NA,NA,NA,NA,NA,NA,NA,NA,NA,NA
2020-04-23,NA,NA,NA,NA,323,8196,NA,NA,NA,NA,NA,NA,NA,NA,NA,NA,NA,NA,NA,NA,NA,NA,NA,NA
2020-04-24,NA,NA,NA,NA,616,8778,NA,NA,NA,NA,NA,NA,NA,NA,NA,NA,NA,NA,NA,NA,NA,NA,NA,NA
2020-04-25,NA,NA,NA,NA,385,9335,NA,NA,NA,NA,NA,NA,NA,NA,NA,NA,NA,NA,NA,NA,NA,NA,NA,NA
2020-04-26,NA,NA,NA,NA,522,8410,NA,NA,NA,NA,NA,NA,NA,NA,NA,NA,NA,NA,NA,NA,NA,NA,NA,NA
2020-04-27,NA,NA,NA,NA,NA,5821,NA,NA,NA,NA,NA,NA,NA,NA,NA,NA,NA,NA,NA,NA,NA,NA,NA,NA
2020-04-28,NA,NA,NA,NA,446,5000,NA,NA,NA,NA,NA,NA,NA,NA,NA,NA,NA,NA,NA,NA,NA,NA,NA,NA
2020-04-29,NA,NA,NA,NA,385,10863,NA,NA,NA,NA,NA,NA,NA,NA,NA,NA,NA,NA,NA,NA,NA,NA,NA,NA
2020-04-30,NA,NA,NA,NA,374,12213,NA,NA,NA,NA,NA,NA,NA,NA,NA,NA,NA,NA,NA,NA,NA,NA,NA,NA
2020-05-01,NA,NA,NA,NA,344,7362,NA,NA,NA,NA,NA,NA,NA,NA,NA,NA,NA,NA,NA,NA,NA,NA,NA,NA
2020-05-02,NA,NA,NA,NA,580,7737,NA,NA,NA,NA,NA,NA,NA,NA,NA,NA,NA,NA,NA,NA,NA,NA,NA,NA
2020-05-03,NA,NA,NA,NA,113,5379,NA,NA,NA,NA,NA,NA,NA,NA,NA,NA,NA,NA,2020-05-03,1098,4617,353,3266,NA
2020-05-04,NA,NA,NA,NA,1038,3104,NA,NA,NA,NA,NA,NA,NA,NA,NA,NA,NA,NA,NA,NA,NA,NA,NA,NA
2020-05-05,NA,NA,NA,NA,297,5241,NA,NA,NA,NA,NA,NA,NA,NA,NA,NA,NA,NA,NA,NA,NA,NA,NA,NA
2020-05-06,NA,NA,NA,NA,759,4594,NA,NA,NA,NA,NA,NA,NA,NA,NA,NA,NA,NA,NA,NA,NA,NA,NA,NA
2020-05-07,NA,NA,NA,NA,544,7241,NA,NA,NA,NA,NA,NA,NA,NA,NA,NA,NA,NA,NA,NA,NA,NA,NA,NA
2020-05-08,NA,NA,NA,NA,772,11324,NA,NA,NA,NA,NA,NA,NA,NA,NA,NA,NA,NA,NA,NA,NA,NA,NA,NA
2020-05-09,NA,NA,NA,NA,564,12562,NA,NA,NA,NA,NA,NA,NA,NA,NA,NA,NA,NA,NA,NA,NA,NA,NA,NA
2020-05-10,NA,NA,NA,NA,694,9182,NA,NA,NA,NA,NA,NA,NA,NA,NA,NA,NA,NA,2020-05-10,1209,5686,723,1716,NA
2020-05-11,NA,NA,NA,NA,580,2847,NA,NA,NA,NA,NA,NA,NA,NA,NA,NA,NA,NA,NA,NA,NA,NA,NA,NA
2020-05-12,NA,NA,NA,NA,578,7572,NA,NA,NA,NA,NA,NA,NA,NA,NA,NA,NA,NA,NA,NA,NA,NA,NA,NA
2020-05-13,NA,NA,NA,NA,1056,9146,NA,NA,NA,NA,NA,NA,NA,NA,NA,NA,NA,NA,NA,NA,NA,NA,NA,NA
2020-05-14,NA,NA,NA,NA,543,10613,NA,NA,NA,NA,NA,NA,NA,NA,NA,NA,NA,NA,NA,NA,NA,NA,NA,NA
2020-05-15,NA,NA,NA,NA,711,11728,NA,NA,NA,NA,NA,NA,NA,NA,NA,NA,NA,NA,NA,NA,NA,NA,NA,NA
2020-05-16,NA,NA,NA,NA,581,13827,NA,NA,NA,NA,NA,NA,NA,NA,NA,NA,NA,NA,NA,NA,NA,NA,NA,NA
2020-05-17,NA,NA,NA,NA,196,8200,NA,NA,NA,NA,NA,NA,NA,NA,NA,NA,NA,NA,2020-05-17,1214.55,5244.59,570.86,2304,NA
2020-05-18,NA,NA,NA,NA,903,2792,NA,NA,NA,NA,NA,NA,NA,NA,NA,NA,NA,NA,NA,NA,NA,NA,NA,NA
2020-05-19,NA,NA,NA,NA,616,13330,NA,NA,NA,NA,NA,NA,NA,NA,NA,NA,NA,NA,NA,NA,NA,NA,NA,NA
2020-05-20,NA,NA,NA,NA,772,11351,NA,NA,NA,NA,NA,NA,NA,NA,NA,NA,NA,NA,NA,NA,NA,NA,NA,NA
2020-05-21,NA,NA,NA,NA,1140,13766,NA,NA,NA,NA,NA,NA,NA,NA,NA,NA,NA,NA,NA,NA,NA,NA,NA,NA
2020-05-22,NA,NA,NA,NA,366,14407,NA,NA,NA,NA,NA,NA,NA,NA,NA,9028,990,8038,NA,NA,NA,NA,NA,NA
2020-05-23,NA,NA,NA,NA,878,14608,NA,NA,NA,NA,NA,NA,NA,NA,NA,NA,NA,NA,NA,NA,NA,NA,NA,NA
2020-05-24,NA,NA,NA,NA,696,10365,NA,NA,NA,NA,NA,NA,NA,NA,NA,NA,NA,NA,2020-05-24,1613,6990,593,110,NA
2020-05-25,NA,NA,NA,NA,545,3312,NA,NA,NA,NA,NA,NA,NA,NA,NA,NA,NA,NA,NA,NA,NA,NA,NA,NA
2020-05-26,NA,NA,NA,NA,701,11036,NA,NA,NA,NA,NA,NA,NA,NA,NA,NA,NA,NA,NA,NA,NA,NA,NA,NA
2020-05-27,NA,NA,NA,NA,754,12692,NA,NA,NA,NA,NA,NA,NA,NA,NA,NA,NA,NA,NA,NA,NA,NA,NA,NA
2020-05-28,NA,NA,NA,NA,190,14293,NA,NA,NA,NA,NA,NA,NA,NA,NA,NA,NA,NA,NA,NA,NA,NA,NA,NA
2020-05-29,NA,NA,NA,NA,769,14648,NA,NA,NA,NA,NA,NA,NA,NA,NA,NA,NA,NA,NA,NA,NA,NA,NA,NA
2020-05-30,NA,NA,NA,NA,919,13972,NA,NA,NA,NA,NA,NA,NA,NA,NA,NA,NA,NA,NA,NA,NA,NA,NA,NA
2020-05-31,NA,NA,NA,NA,744,10124,NA,NA,NA,NA,NA,NA,NA,NA,NA,NA,NA,NA,2020-05-31,1723,7120,661,-170,NA
2020-06-01,NA,NA,NA,NA,565,4663,NA,NA,NA,NA,NA,NA,NA,NA,NA,11601,1292,10309,NA,NA,NA,NA,NA,NA
2020-06-02,NA,NA,NA,NA,744,11352,NA,NA,NA,NA,NA,NA,NA,NA,NA,NA,NA,NA,NA,NA,NA,NA,NA,NA
2020-06-03,NA,NA,NA,NA,674,13336,NA,NA,NA,NA,NA,NA,NA,NA,NA,NA,NA,NA,NA,NA,NA,NA,NA,NA
2020-06-04,NA,NA,NA,NA,775,15311,NA,NA,NA,NA,NA,NA,NA,NA,NA,NA,NA,NA,NA,NA,NA,NA,NA,NA
2020-06-05,NA,NA,NA,NA,655,22397,NA,NA,NA,NA,NA,NA,NA,NA,NA,NA,NA,NA,NA,NA,NA,NA,NA,NA
2020-06-06,NA,NA,NA,NA,785,22479,NA,NA,NA,NA,NA,NA,NA,NA,NA,NA,NA,NA,NA,NA,NA,NA,NA,NA
2020-06-07,NA,NA,NA,NA,599,18850,NA,NA,NA,NA,NA,NA,NA,NA,NA,NA,NA,NA,2020-06-07,1801,7426,889,-252,NA
2020-06-08,NA,NA,NA,NA,454,12175,NA,NA,NA,NA,NA,NA,NA,NA,NA,NA,NA,NA,NA,NA,NA,NA,NA,NA
2020-06-09,NA,NA,NA,NA,1029,18802,NA,NA,NA,NA,NA,NA,NA,NA,NA,NA,NA,NA,NA,NA,NA,NA,NA,NA
2020-06-10,NA,NA,NA,NA,718,21585,NA,NA,NA,NA,NA,NA,NA,NA,NA,NA,NA,NA,NA,NA,NA,NA,NA,NA
2020-06-11,NA,NA,NA,NA,612,20592,NA,NA,NA,NA,NA,NA,NA,NA,NA,NA,NA,NA,NA,NA,NA,NA,NA,NA
2020-06-12,NA,NA,NA,NA,661,25793,NA,NA,NA,NA,NA,NA,NA,NA,NA,NA,NA,NA,NA,NA,NA,NA,NA,NA
2020-06-13,NA,NA,NA,NA,759,21042,NA,NA,NA,NA,NA,NA,NA,NA,NA,NA,NA,NA,NA,NA,NA,NA,NA,NA
2020-06-14,NA,NA,NA,NA,519,15405,NA,NA,NA,NA,NA,NA,NA,NA,NA,NA,NA,NA,2020-06-14,1867,7459,791,-313,NA
2020-06-15,NA,NA,NA,NA,489,13502,NA,NA,NA,NA,NA,NA,NA,NA,NA,NA,NA,NA,NA,NA,NA,NA,NA,NA
2020-06-16,NA,NA,NA,NA,693,20284,NA,NA,NA,NA,NA,NA,NA,NA,NA,NA,NA,NA,NA,NA,NA,NA,NA,NA
2020-06-17,NA,NA,NA,NA,473,18545,NA,NA,NA,NA,NA,NA,NA,NA,NA,NA,NA,NA,NA,NA,NA,NA,NA,NA
2020-06-18,NA,NA,NA,NA,769,23137,NA,NA,NA,NA,NA,NA,NA,NA,NA,NA,NA,NA,NA,NA,NA,NA,NA,NA
2020-06-19,NA,NA,NA,NA,569,23428,NA,NA,NA,NA,NA,NA,NA,NA,NA,NA,NA,NA,NA,NA,NA,NA,NA,366
2020-06-20,NA,NA,NA,NA,457,22900,NA,NA,NA,NA,NA,NA,NA,NA,NA,NA,NA,NA,NA,NA,NA,NA,NA,NA
2020-06-21,NA,NA,NA,NA,414,19974,NA,NA,NA,NA,NA,NA,NA,NA,NA,NA,NA,NA,2020-06-21,1639,6631,735,888,NA
2020-06-22,NA,NA,NA,NA,189,11637,NA,NA,NA,NA,NA,NA,NA,NA,NA,NA,NA,NA,NA,NA,NA,NA,NA,NA
2020-06-23,NA,NA,NA,NA,550,16675,NA,NA,NA,NA,NA,NA,NA,NA,NA,NA,NA,NA,NA,NA,NA,NA,NA,NA
2020-06-24,NA,NA,NA,NA,163,17513,NA,NA,NA,NA,NA,NA,NA,NA,NA,NA,NA,NA,NA,NA,NA,NA,NA,NA
2020-06-25,NA,NA,NA,NA,358,17364,NA,NA,NA,NA,NA,NA,NA,NA,NA,NA,NA,NA,NA,NA,NA,NA,NA,NA
2020-06-26,NA,NA,NA,NA,446,20875,NA,NA,NA,NA,NA,NA,NA,NA,NA,NA,NA,NA,NA,NA,NA,NA,NA,NA
2020-06-27,NA,NA,NA,NA,525,21201,NA,NA,NA,NA,NA,NA,NA,NA,NA,NA,NA,NA,NA,NA,NA,NA,NA,NA
2020-06-28,NA,NA,NA,NA,358,15911,NA,NA,NA,NA,NA,NA,NA,NA,NA,NA,NA,NA,2020-06-28,1500,5474,731,2185,NA
2020-06-29,NA,NA,NA,NA,216,10975,NA,NA,NA,NA,NA,NA,NA,NA,NA,NA,NA,NA,NA,NA,NA,NA,NA,NA
2020-06-30,NA,NA,NA,NA,375,15857,NA,NA,NA,NA,NA,NA,NA,NA,NA,NA,NA,NA,NA,NA,NA,NA,NA,NA
2020-07-01,NA,NA,NA,NA,356,16966,NA,NA,NA,NA,NA,NA,NA,NA,NA,NA,NA,NA,NA,NA,NA,NA,NA,NA
2020-07-02,NA,NA,NA,NA,242,16426,NA,NA,NA,NA,NA,NA,NA,NA,NA,NA,NA,NA,NA,NA,NA,NA,NA,NA
2020-07-03,NA,NA,NA,NA,298,18221,NA,NA,NA,NA,NA,NA,NA,NA,NA,NA,NA,NA,NA,NA,NA,NA,NA,NA
2020-07-04,NA,NA,NA,NA,314,19532,NA,NA,NA,NA,NA,NA,NA,NA,NA,NA,NA,NA,NA,NA,NA,NA,NA,NA
2020-07-05,NA,NA,NA,NA,218,17036,NA,NA,NA,NA,NA,NA,NA,NA,NA,NA,NA,NA,2020-07-05,1297,4185,565,3843,NA
2020-07-06,NA,NA,NA,NA,223,11047,NA,NA,NA,NA,NA,NA,NA,NA,NA,NA,NA,NA,NA,NA,NA,NA,NA,NA
2020-07-07,NA,NA,NA,NA,239,13857,NA,NA,NA,NA,NA,NA,NA,NA,NA,NA,NA,NA,NA,NA,NA,NA,NA,NA
2020-07-08,NA,NA,NA,NA,250,14737,NA,NA,NA,NA,NA,NA,NA,NA,NA,NA,NA,NA,NA,NA,NA,NA,NA,NA
2020-07-09,NA,NA,NA,NA,293,17801,NA,NA,NA,NA,NA,NA,NA,NA,NA,NA,NA,NA,NA,NA,NA,NA,NA,NA
2020-07-10,NA,NA,NA,NA,180,19586,NA,NA,NA,NA,NA,NA,NA,NA,NA,NA,NA,NA,NA,NA,NA,NA,NA,NA
2020-07-11,NA,NA,NA,NA,237,18709,NA,NA,NA,NA,NA,NA,NA,NA,NA,NA,NA,NA,NA,NA,NA,NA,NA,NA
2020-07-12,NA,NA,NA,NA,240,14856,NA,NA,NA,NA,NA,NA,NA,NA,NA,NA,NA,NA,2020-07-12,1136,2897,471,5386,NA
2020-07-13,NA,NA,NA,NA,127,9621,NA,NA,NA,NA,NA,NA,NA,NA,NA,NA,NA,NA,NA,NA,NA,NA,NA,NA
2020-07-14,NA,NA,NA,NA,236,13195,NA,NA,NA,NA,NA,NA,NA,NA,NA,NA,NA,NA,NA,NA,NA,NA,NA,NA
2020-07-15,NA,NA,NA,NA,152,15676,NA,NA,NA,NA,NA,NA,NA,NA,NA,NA,NA,NA,NA,NA,NA,NA,NA,NA
2020-07-16,NA,NA,NA,NA,218,14581,NA,NA,NA,NA,NA,NA,NA,NA,NA,NA,NA,NA,NA,NA,NA,NA,NA,NA
2020-07-17,NA,NA,NA,NA,212,17019,NA,NA,NA,NA,NA,NA,NA,NA,NA,NA,NA,NA,NA,NA,NA,NA,NA,NA
2020-07-18,NA,NA,NA,NA,258,15719,NA,NA,NA,NA,NA,NA,NA,NA,NA,NA,NA,NA,NA,NA,NA,NA,NA,NA
2020-07-19,NA,NA,NA,NA,238,13272,NA,NA,NA,NA,NA,NA,NA,NA,NA,NA,NA,NA,2020-07-19,852,2196,380,6462,NA
2020-07-20,NA,NA,NA,NA,168,8646,NA,NA,NA,NA,NA,NA,NA,NA,NA,NA,NA,NA,NA,NA,NA,NA,NA,NA
2020-07-21,NA,NA,NA,NA,204,14391,NA,NA,NA,NA,NA,NA,NA,NA,NA,NA,NA,NA,NA,NA,NA,NA,NA,NA
2020-07-22,NA,NA,NA,NA,280,14962,NA,NA,NA,NA,NA,NA,NA,NA,NA,NA,NA,NA,NA,NA,NA,NA,NA,NA
2020-07-23,NA,NA,NA,NA,256,18348,NA,NA,NA,NA,NA,NA,NA,NA,NA,NA,NA,NA,NA,NA,NA,NA,NA,NA
2020-07-24,NA,NA,NA,NA,186,17016,NA,NA,NA,NA,NA,NA,NA,NA,NA,NA,NA,NA,NA,NA,NA,NA,NA,NA
2020-07-25,NA,NA,NA,NA,216,16894,NA,NA,NA,NA,NA,NA,NA,NA,NA,NA,NA,NA,NA,NA,NA,NA,NA,NA
2020-07-26,NA,NA,NA,NA,172,13211,NA,NA,NA,NA,NA,NA,NA,NA,NA,NA,NA,NA,2020-07-26,660,1924,323,5383,NA
2020-07-27,NA,NA,NA,NA,135,9770,NA,NA,NA,NA,NA,NA,NA,NA,NA,NA,NA,NA,NA,NA,NA,NA,NA,NA
2020-07-28,NA,NA,NA,NA,NA,10801,NA,NA,NA,NA,NA,NA,NA,NA,NA,NA,NA,NA,NA,NA,NA,NA,NA,NA
2020-07-29,NA,NA,NA,NA,205,12971,NA,NA,NA,NA,NA,NA,NA,NA,NA,NA,NA,NA,NA,NA,NA,NA,NA,NA
2020-07-30,NA,NA,NA,NA,219,15357,NA,NA,NA,NA,NA,NA,NA,NA,NA,NA,NA,NA,NA,NA,NA,NA,NA,NA
2020-07-31,NA,NA,NA,NA,194,17047,NA,NA,NA,NA,NA,NA,NA,NA,NA,NA,NA,NA,NA,NA,NA,NA,NA,NA
2020-08-01,NA,NA,NA,NA,225,19541,NA,NA,NA,NA,NA,NA,NA,NA,NA,NA,NA,NA,NA,NA,NA,NA,NA,NA
2020-08-02,NA,NA,NA,NA,153,14461,NA,NA,NA,NA,NA,NA,NA,NA,NA,NA,NA,NA,2020-08-02,646,1798,333,2716,NA
2020-08-03,NA,NA,NA,NA,125,9244,NA,NA,NA,NA,NA,NA,NA,NA,NA,NA,NA,NA,NA,NA,NA,NA,NA,NA
2020-08-04,NA,NA,NA,NA,233,9814,NA,NA,NA,NA,NA,NA,NA,NA,NA,NA,NA,NA,NA,NA,NA,NA,NA,NA
2020-08-05,NA,NA,NA,NA,214,14460,NA,NA,NA,NA,NA,NA,NA,NA,NA,NA,NA,NA,NA,NA,NA,NA,NA,NA
2020-08-06,NA,NA,NA,NA,224,18133,NA,NA,NA,NA,NA,NA,NA,NA,NA,NA,NA,NA,NA,NA,NA,NA,NA,NA
2020-08-07,NA,NA,NA,NA,205,18053,NA,NA,NA,NA,NA,NA,NA,NA,NA,NA,NA,NA,NA,NA,NA,NA,NA,NA
2020-08-08,NA,NA,NA,NA,242,17178,NA,NA,NA,NA,NA,NA,NA,NA,NA,NA,NA,NA,NA,NA,NA,NA,NA,NA
2020-08-09,NA,NA,NA,NA,124,13698,NA,NA,NA,NA,NA,NA,NA,NA,NA,NA,NA,NA,2020-08-09,631,1657,320,1664,NA
2020-08-10,NA,NA,NA,NA,77,8963,NA,NA,NA,NA,NA,NA,NA,NA,NA,NA,NA,NA,NA,NA,NA,NA,NA,NA
2020-08-11,NA,NA,NA,NA,246,12050,NA,NA,NA,NA,NA,NA,NA,NA,NA,NA,NA,NA,NA,NA,NA,NA,NA,NA
2020-08-12,NA,NA,NA,NA,208,14647,NA,NA,NA,NA,NA,NA,NA,NA,NA,NA,NA,NA,NA,NA,NA,NA,NA,NA
2020-08-13,NA,NA,NA,NA,186,17307,NA,NA,NA,NA,NA,NA,NA,NA,NA,NA,NA,NA,NA,NA,NA,NA,NA,NA
2020-08-14,NA,NA,NA,NA,226,17097,NA,NA,NA,NA,NA,NA,NA,NA,NA,NA,NA,NA,NA,NA,NA,NA,NA,NA
2020-08-15,NA,NA,NA,NA,225,19324,NA,NA,NA,NA,NA,NA,NA,NA,NA,NA,NA,NA,NA,NA,NA,NA,NA,NA
2020-08-16,NA,NA,NA,NA,161,15918,NA,NA,NA,NA,NA,NA,NA,NA,NA,NA,NA,NA,2020-08-16,652,1748,346,1526,NA
2020-08-17,NA,NA,NA,NA,131,8027,NA,NA,NA,NA,NA,NA,NA,NA,NA,NA,NA,NA,NA,NA,NA,NA,NA,NA
2020-08-18,NA,NA,NA,NA,186,13453,NA,NA,NA,NA,NA,NA,NA,NA,NA,NA,NA,NA,NA,NA,NA,NA,NA,NA
2020-08-19,NA,NA,NA,NA,181,16941,NA,NA,NA,NA,NA,NA,NA,NA,NA,NA,NA,NA,NA,NA,NA,NA,NA,NA
2020-08-20,NA,NA,NA,NA,240,20436,NA,NA,NA,NA,NA,NA,NA,NA,NA,NA,NA,NA,NA,NA,NA,NA,NA,NA
2020-08-21,NA,NA,NA,NA,164,20599,NA,NA,NA,NA,NA,NA,NA,NA,NA,NA,NA,NA,NA,NA,NA,NA,NA,NA
2020-08-22,NA,NA,NA,NA,201,20648,NA,NA,NA,NA,NA,NA,NA,NA,NA,NA,NA,NA,NA,NA,NA,NA,NA,NA
2020-08-23,NA,NA,NA,NA,115,15681,NA,NA,NA,NA,NA,NA,NA,NA,NA,NA,NA,NA,2020-08-23,667,1761,226,1618,NA
2020-08-24,NA,NA,NA,NA,109,10863,NA,NA,NA,NA,NA,NA,NA,NA,NA,NA,NA,NA,NA,NA,NA,NA,NA,NA
2020-08-25,NA,NA,NA,NA,182,15711,NA,NA,NA,NA,NA,NA,NA,NA,NA,NA,NA,NA,NA,NA,NA,NA,NA,NA
2020-08-26,NA,NA,NA,NA,217,18795,NA,NA,NA,NA,NA,NA,NA,NA,NA,NA,NA,NA,NA,NA,NA,NA,NA,NA
2020-08-27,NA,NA,NA,NA,173,21334,NA,NA,NA,NA,NA,NA,NA,NA,NA,NA,NA,NA,NA,NA,NA,NA,NA,NA
2020-08-28,NA,NA,NA,NA,172,21767,NA,NA,NA,NA,NA,NA,NA,NA,NA,NA,NA,NA,NA,NA,NA,NA,NA,NA
2020-08-29,NA,NA,NA,NA,138,21837,NA,NA,NA,NA,NA,NA,NA,NA,NA,NA,NA,NA,NA,NA,NA,NA,NA,NA
2020-08-30,NA,NA,NA,NA,128,18093,NA,NA,NA,NA,NA,NA,NA,NA,NA,NA,NA,NA,2020-08-30,661,1645,222,1744,NA
2020-08-31,NA,NA,NA,NA,84,10203,NA,NA,NA,NA,NA,NA,NA,NA,NA,NA,NA,NA,NA,NA,NA,NA,NA,NA
2020-09-01,NA,NA,NA,NA,215,16953,NA,NA,NA,NA,NA,NA,NA,NA,NA,NA,NA,NA,NA,NA,NA,NA,NA,NA
2020-09-02,NA,NA,NA,NA,205,19467,NA,NA,NA,NA,NA,NA,NA,NA,NA,NA,NA,NA,NA,NA,NA,NA,NA,NA
2020-09-03,NA,NA,NA,NA,201,21351,NA,NA,NA,NA,NA,NA,NA,NA,NA,NA,NA,NA,NA,NA,NA,NA,NA,NA
2020-09-04,NA,NA,NA,NA,180,22715,NA,NA,NA,NA,NA,NA,NA,NA,NA,NA,NA,NA,NA,NA,NA,NA,NA,NA
2020-09-05,NA,NA,NA,NA,245,22276,NA,NA,NA,NA,NA,NA,NA,NA,NA,NA,NA,NA,NA,NA,NA,NA,NA,NA
2020-09-06,NA,NA,NA,NA,160,17891,NA,NA,NA,NA,NA,NA,NA,NA,NA,NA,NA,NA,2020-09-06,701,1809,186,1326,NA
2020-09-07,NA,NA,NA,NA,129,12995,NA,NA,NA,NA,NA,NA,NA,NA,NA,NA,NA,NA,NA,NA,NA,NA,NA,NA
2020-09-08,NA,NA,NA,NA,237,15431,NA,NA,NA,NA,NA,NA,NA,NA,NA,NA,NA,NA,NA,NA,NA,NA,NA,NA
2020-09-09,NA,NA,NA,NA,243,18785,NA,NA,NA,NA,NA,NA,NA,NA,NA,3516,840,2676,NA,NA,NA,NA,NA,NA
2020-09-10,NA,NA,NA,NA,200,23722,NA,NA,NA,NA,NA,NA,NA,NA,NA,NA,NA,NA,NA,NA,NA,NA,NA,NA
2020-09-11,NA,NA,NA,NA,231,23789,NA,NA,NA,NA,NA,NA,NA,NA,NA,NA,NA,NA,NA,NA,NA,NA,NA,NA
2020-09-12,NA,NA,NA,NA,233,23796,NA,NA,NA,NA,NA,NA,NA,NA,NA,NA,NA,NA,NA,NA,NA,NA,NA,NA
2020-09-13,NA,NA,NA,NA,185,18522,NA,NA,NA,NA,NA,NA,NA,NA,NA,NA,NA,NA,2020-09-13,720,1974,184,1144,NA
2020-09-14,NA,NA,NA,NA,157,11050,NA,NA,NA,NA,NA,NA,NA,NA,NA,NA,NA,NA,NA,NA,NA,NA,NA,NA
2020-09-15,NA,NA,NA,NA,180,17981,NA,NA,NA,NA,NA,NA,NA,NA,NA,NA,NA,NA,NA,NA,NA,NA,NA,NA
2020-09-16,NA,NA,NA,NA,269,23625,NA,NA,NA,NA,NA,NA,NA,NA,NA,3653,550,3103,NA,NA,NA,NA,NA,NA
2020-09-17,NA,NA,NA,NA,257,24078,NA,NA,NA,NA,NA,NA,NA,NA,NA,NA,NA,NA,NA,NA,NA,NA,NA,NA
2020-09-18,NA,NA,NA,NA,213,23994,NA,NA,NA,NA,NA,NA,NA,NA,NA,NA,NA,NA,NA,NA,NA,NA,NA,NA
2020-09-19,NA,NA,NA,NA,281,24634,NA,NA,NA,NA,NA,NA,NA,NA,NA,NA,NA,NA,NA,NA,NA,NA,NA,NA
2020-09-20,NA,NA,NA,NA,207,19225,NA,NA,NA,NA,NA,NA,NA,NA,NA,NA,NA,NA,2020-09-20,789,2214,207,932,NA
2020-09-21,NA,NA,NA,NA,176,12301,NA,NA,NA,NA,NA,NA,NA,NA,NA,NA,NA,NA,NA,NA,NA,NA,NA,NA
2020-09-22,NA,NA,NA,NA,287,18137,NA,NA,NA,NA,NA,NA,NA,NA,NA,NA,NA,NA,NA,NA,NA,NA,NA,NA
2020-09-23,NA,NA,NA,NA,299,23060,NA,NA,NA,NA,NA,NA,NA,NA,NA,4076,849,3227,NA,NA,NA,NA,NA,NA
2020-09-24,NA,NA,NA,NA,262,25701,NA,NA,NA,NA,NA,NA,NA,NA,NA,NA,NA,NA,NA,NA,NA,NA,NA,NA
2020-09-25,NA,NA,NA,NA,303,28252,NA,NA,NA,NA,NA,NA,NA,NA,NA,NA,NA,NA,NA,NA,NA,NA,NA,NA
2020-09-26,NA,NA,NA,NA,292,26201,NA,NA,NA,NA,NA,NA,NA,NA,NA,NA,NA,NA,NA,NA,NA,NA,NA,NA
2020-09-27,NA,NA,NA,NA,232,22048,NA,NA,NA,NA,NA,NA,NA,NA,NA,NA,NA,NA,2020-09-27,814,2566,216,-192,NA
2020-09-28,NA,NA,NA,NA,232,15646,NA,NA,NA,NA,NA,NA,NA,NA,NA,4076,608,3468,NA,NA,NA,NA,NA,NA
2020-09-29,NA,NA,NA,NA,308,24390,NA,NA,NA,NA,NA,NA,NA,NA,NA,NA,NA,NA,NA,NA,NA,NA,NA,NA
2020-09-30,NA,NA,NA,NA,356,26652,NA,NA,NA,NA,NA,NA,NA,NA,NA,4076,536,3540,NA,NA,NA,NA,NA,NA
2020-10-01,NA,NA,NA,NA,330,29205,NA,NA,NA,NA,NA,NA,NA,NA,NA,NA,NA,NA,NA,NA,NA,NA,NA,NA
2020-10-02,NA,NA,NA,NA,353,30687,NA,NA,NA,NA,NA,NA,NA,NA,NA,NA,NA,NA,NA,NA,NA,NA,NA,NA
2020-10-03,NA,NA,NA,NA,398,28781,NA,NA,NA,NA,NA,NA,NA,NA,NA,4640,844,3796,NA,NA,NA,NA,NA,NA
2020-10-04,NA,NA,NA,NA,258,21004,NA,NA,NA,NA,NA,NA,NA,NA,NA,NA,NA,NA,2020-10-04,927,2866,200,81,NA
2020-10-05,NA,NA,NA,NA,217,13686,NA,NA,NA,NA,NA,NA,NA,NA,NA,NA,NA,NA,NA,NA,NA,NA,NA,NA
2020-10-06,NA,NA,NA,NA,375,24161,NA,NA,NA,NA,NA,NA,NA,NA,NA,NA,NA,NA,NA,NA,NA,NA,NA,NA
2020-10-07,NA,NA,NA,NA,432,28993,NA,NA,NA,NA,NA,NA,NA,NA,NA,4930,858,4072,NA,NA,NA,NA,NA,NA
2020-10-08,NA,NA,NA,NA,358,29488,NA,NA,NA,NA,NA,NA,NA,NA,NA,NA,NA,NA,NA,NA,NA,NA,NA,NA
2020-10-09,NA,NA,NA,NA,386,30236,NA,NA,NA,NA,NA,NA,NA,NA,NA,NA,NA,NA,NA,NA,NA,NA,NA,NA
2020-10-10,NA,NA,NA,NA,404,29670,NA,NA,NA,NA,NA,NA,NA,NA,NA,NA,NA,NA,NA,NA,NA,NA,NA,NA
2020-10-11,NA,NA,NA,NA,410,24153,NA,NA,NA,NA,NA,NA,NA,NA,NA,NA,NA,NA,2020-10-11,1192,3088,213,-59,NA
2020-10-12,NA,NA,NA,NA,244,15216,NA,NA,NA,NA,NA,NA,NA,NA,NA,NA,NA,NA,NA,NA,NA,NA,NA,NA
2020-10-13,NA,NA,NA,NA,269,26931,NA,NA,NA,NA,NA,NA,NA,NA,NA,NA,NA,NA,NA,NA,NA,NA,NA,NA
2020-10-14,NA,NA,NA,NA,501,34287,NA,NA,NA,NA,NA,NA,NA,NA,NA,NA,NA,NA,NA,NA,NA,NA,NA,NA
2020-10-15,NA,NA,NA,NA,388,35207,NA,NA,NA,NA,NA,NA,NA,NA,NA,NA,NA,NA,NA,NA,NA,NA,NA,NA
2020-10-16,NA,NA,NA,NA,430,30944,NA,NA,NA,NA,NA,NA,NA,NA,NA,NA,NA,NA,NA,NA,NA,NA,NA,NA
2020-10-17,NA,NA,NA,NA,417,32736,NA,NA,NA,NA,NA,NA,NA,NA,NA,5815,941,4874,NA,NA,NA,NA,NA,NA
2020-10-18,NA,NA,NA,NA,454,27633,NA,NA,NA,NA,NA,NA,NA,NA,NA,NA,NA,NA,2020-10-18,1272,3840,283,134,NA
2020-10-19,NA,NA,NA,NA,332,25742,NA,NA,NA,NA,NA,NA,NA,NA,NA,NA,NA,NA,NA,NA,NA,NA,NA,NA
2020-10-20,NA,NA,NA,NA,316,32259,NA,NA,NA,NA,NA,NA,NA,NA,NA,NA,NA,NA,NA,NA,NA,NA,NA,NA
2020-10-21,NA,NA,NA,NA,564,30195,NA,NA,NA,NA,NA,NA,NA,NA,NA,NA,NA,NA,NA,NA,NA,NA,NA,NA
2020-10-22,NA,NA,NA,NA,473,33986,NA,NA,NA,NA,NA,NA,NA,NA,NA,6240,949,5291,NA,NA,NA,NA,NA,NA
2020-10-23,NA,NA,NA,NA,475,40898,NA,NA,NA,NA,NA,NA,NA,NA,NA,NA,NA,NA,NA,NA,NA,NA,NA,NA
2020-10-24,NA,NA,NA,NA,483,37748,NA,NA,NA,NA,NA,NA,NA,NA,NA,NA,NA,NA,NA,NA,NA,NA,NA,NA
2020-10-25,NA,NA,NA,NA,546,30074,NA,NA,NA,NA,NA,NA,NA,NA,NA,NA,NA,NA,2020-10-25,1139,4502,471,315,NA
2020-10-26,NA,NA,NA,NA,395,21663,NA,NA,NA,NA,NA,NA,NA,NA,NA,NA,NA,NA,NA,NA,NA,NA,NA,NA
2020-10-27,NA,NA,NA,NA,354,33424,NA,NA,NA,NA,NA,NA,NA,NA,NA,NA,NA,NA,NA,NA,NA,NA,NA,NA
2020-10-28,NA,NA,NA,NA,642,38326,NA,NA,NA,NA,NA,NA,NA,NA,NA,NA,NA,NA,NA,NA,NA,NA,NA,NA
2020-10-29,NA,NA,NA,NA,625,38424,NA,NA,NA,NA,NA,NA,NA,NA,NA,NA,NA,NA,NA,NA,NA,NA,NA,NA
2020-10-30,NA,NA,NA,NA,620,36176,NA,NA,NA,NA,NA,NA,NA,NA,NA,7713,1625,6088,NA,NA,NA,NA,NA,NA
2020-10-31,NA,NA,NA,NA,618,37870,NA,NA,NA,NA,NA,NA,NA,NA,NA,NA,NA,NA,NA,NA,NA,NA,NA,NA
2020-11-01,NA,NA,NA,NA,639,33949,NA,NA,NA,NA,NA,NA,NA,NA,NA,NA,NA,NA,2020-11-01,1142,4799,486,1000,NA
2020-11-02,NA,NA,NA,NA,451,21507,NA,NA,NA,NA,NA,NA,NA,NA,NA,NA,NA,NA,NA,NA,NA,NA,NA,NA
2020-11-03,NA,NA,NA,NA,487,30663,NA,NA,NA,NA,NA,NA,NA,NA,NA,7913,1475,6438,NA,NA,NA,NA,NA,NA
2020-11-04,NA,NA,NA,NA,707,36323,NA,NA,NA,NA,NA,NA,NA,NA,NA,NA,NA,NA,NA,NA,NA,NA,NA,NA
2020-11-05,NA,NA,NA,NA,658,34319,NA,NA,NA,NA,NA,NA,NA,NA,NA,8653,803,7850,NA,NA,NA,NA,NA,NA
2020-11-06,NA,NA,NA,NA,682,44536,NA,NA,NA,NA,NA,NA,NA,NA,NA,NA,NA,NA,NA,NA,NA,NA,NA,NA
2020-11-07,NA,NA,NA,NA,807,40210,NA,NA,NA,NA,NA,NA,NA,NA,NA,NA,NA,NA,NA,NA,NA,NA,NA,NA
2020-11-08,NA,NA,NA,NA,806,34233,NA,NA,NA,NA,NA,NA,NA,NA,NA,NA,NA,NA,2020-11-08,1628,6379,570,-642,NA
2020-11-09,NA,NA,NA,NA,652,25651,NA,NA,NA,NA,NA,NA,NA,NA,NA,NA,NA,NA,NA,NA,NA,NA,NA,NA
2020-11-10,NA,NA,NA,NA,556,32887,NA,NA,NA,NA,NA,NA,NA,NA,NA,NA,NA,NA,NA,NA,NA,NA,NA,NA
2020-11-11,NA,NA,NA,NA,769,34561,NA,NA,NA,NA,NA,NA,NA,NA,NA,9613,605,9008,NA,NA,NA,NA,NA,NA
2020-11-12,NA,NA,NA,NA,790,39930,NA,NA,NA,NA,NA,NA,NA,NA,NA,NA,NA,NA,NA,NA,NA,NA,NA,NA
2020-11-13,NA,NA,NA,NA,854,40187,NA,NA,NA,NA,NA,NA,NA,NA,NA,NA,NA,NA,NA,NA,NA,NA,NA,NA
2020-11-14,NA,NA,NA,NA,840,41645,NA,NA,NA,NA,NA,NA,NA,NA,NA,NA,NA,NA,NA,NA,NA,NA,NA,NA
2020-11-15,NA,NA,NA,NA,823,36069,NA,NA,NA,NA,NA,NA,NA,NA,NA,NA,NA,NA,2020-11-15,1725,6920,833,768,NA
2020-11-16,NA,NA,NA,NA,570,24718,NA,NA,NA,NA,NA,NA,NA,NA,NA,NA,NA,NA,NA,NA,NA,NA,NA,NA
2020-11-17,NA,NA,NA,NA,520,36097,NA,NA,NA,NA,NA,NA,NA,NA,NA,NA,NA,NA,NA,NA,NA,NA,NA,NA
2020-11-18,NA,NA,NA,NA,825,34144,NA,NA,NA,NA,NA,NA,NA,NA,NA,NA,NA,NA,NA,NA,NA,NA,NA,NA
2020-11-19,NA,NA,NA,NA,790,39789,NA,NA,NA,NA,NA,NA,NA,NA,NA,NA,NA,NA,NA,NA,NA,NA,NA,NA
2020-11-20,NA,NA,NA,NA,783,43237,NA,NA,NA,NA,NA,NA,NA,NA,NA,NA,NA,NA,NA,NA,NA,NA,NA,NA
2020-11-21,NA,NA,NA,NA,799,43103,NA,NA,NA,NA,NA,NA,NA,NA,NA,NA,NA,NA,NA,NA,NA,NA,NA,NA
2020-11-22,NA,NA,NA,NA,737,38023,NA,NA,NA,NA,NA,NA,NA,NA,NA,NA,NA,NA,2020-11-22,2052,6658,784,752,NA
2020-11-23,NA,NA,NA,NA,593,26468,NA,NA,NA,NA,NA,NA,NA,NA,NA,10846,878,9968,NA,NA,NA,NA,NA,NA
2020-11-24,NA,NA,NA,NA,566,33683,NA,NA,NA,NA,NA,NA,NA,NA,NA,NA,NA,NA,NA,NA,NA,NA,NA,NA
2020-11-25,NA,NA,NA,NA,917,32994,NA,NA,NA,NA,NA,NA,NA,NA,NA,NA,NA,NA,NA,NA,NA,NA,NA,NA
2020-11-26,NA,NA,NA,NA,826,39785,NA,NA,NA,NA,NA,NA,NA,NA,NA,NA,NA,NA,NA,NA,NA,NA,NA,NA
2020-11-27,NA,NA,NA,NA,826,38407,NA,NA,NA,NA,NA,NA,NA,NA,NA,NA,NA,NA,NA,NA,NA,NA,NA,NA
2020-11-28,NA,NA,NA,NA,884,39849,NA,NA,NA,NA,NA,NA,NA,NA,NA,NA,NA,NA,NA,NA,NA,NA,NA,NA
2020-11-29,NA,NA,NA,NA,874,37043,NA,NA,NA,NA,NA,NA,NA,NA,NA,10846,822,10024,2020-11-29,2153,6742,689,662,NA
2020-11-30,NA,NA,NA,NA,567,24218,NA,NA,NA,NA,NA,NA,NA,NA,NA,NA,NA,NA,NA,NA,NA,NA,NA,NA
2020-12-01,NA,NA,NA,NA,597,31487,NA,NA,NA,NA,NA,NA,NA,NA,NA,10901,NA,NA,NA,NA,NA,NA,NA,NA
2020-12-02,NA,NA,NA,NA,896,34076,NA,NA,NA,NA,NA,NA,NA,NA,NA,NA,NA,NA,NA,NA,NA,NA,NA,NA
2020-12-03,NA,NA,NA,NA,827,41108,NA,NA,NA,NA,NA,NA,NA,NA,NA,NA,NA,NA,NA,NA,NA,NA,NA,NA
2020-12-04,NA,NA,NA,NA,817,39802,NA,NA,NA,NA,NA,NA,NA,NA,NA,NA,NA,NA,NA,NA,NA,NA,NA,NA
2020-12-05,NA,NA,NA,NA,823,42810,NA,NA,NA,NA,NA,NA,NA,NA,NA,NA,NA,NA,NA,NA,NA,NA,NA,NA
2020-12-06,NA,NA,NA,NA,859,36736,NA,NA,NA,NA,NA,NA,NA,NA,NA,NA,NA,NA,2020-12-06,2249,7144,774,134,NA
2020-12-07,NA,NA,NA,NA,703,26499,NA,NA,NA,NA,NA,NA,NA,NA,NA,NA,NA,NA,NA,NA,NA,NA,NA,NA
2020-12-08,NA,NA,NA,NA,612,34775,NA,NA,NA,NA,NA,NA,NA,NA,NA,NA,NA,NA,NA,NA,NA,NA,NA,NA
2020-12-09,4402,3239,62055,6385,933,35752,NA,NA,NA,NA,NA,NA,NA,NA,NA,NA,NA,NA,NA,NA,NA,NA,NA,NA
2020-12-10,5144,2451,63410,6311,850,44588,NA,NA,NA,NA,NA,NA,NA,NA,NA,NA,NA,NA,NA,NA,NA,NA,NA,NA
2020-12-11,4592,2380,65473,6599,881,44511,NA,NA,NA,NA,NA,NA,NA,NA,NA,NA,NA,NA,NA,NA,NA,NA,NA,NA
2020-12-12,4247,2369,66625,6487,893,39681,NA,NA,NA,NA,NA,NA,NA,NA,NA,11151,834,10317,NA,NA,NA,NA,NA,NA
2020-12-13,1338,2151,67726,6490,886,40525,NA,NA,NA,NA,NA,NA,NA,NA,NA,NA,NA,NA,2020-12-13,2292,7113,740,406,NA
2020-12-14,1418,909,NA,NA,736,26950,NA,NA,NA,NA,NA,NA,NA,NA,NA,NA,NA,NA,NA,NA,NA,NA,NA,NA
2020-12-15,4459,1252,68453,6672,649,31533,NA,NA,NA,NA,NA,NA,NA,NA,NA,11151,431,10720,NA,NA,NA,NA,NA,NA
2020-12-16,4106,3168,69329,6803,1033,35593,NA,NA,NA,NA,NA,NA,NA,NA,NA,NA,NA,NA,NA,NA,NA,NA,NA,NA
2020-12-17,4371,3066,68725,6800,966,41035,NA,NA,NA,NA,NA,NA,NA,NA,NA,NA,NA,NA,NA,NA,NA,NA,NA,NA
2020-12-18,4636,3050,71724,6789,979,40636,NA,137,NA,NA,NA,NA,NA,NA,NA,NA,NA,NA,NA,NA,NA,NA,NA,NA
2020-12-19,4025,3025,70501,5146,913,45108,NA,NA,NA,NA,NA,NA,NA,NA,NA,NA,NA,NA,NA,NA,NA,NA,NA,NA
2020-12-20,1005,2326,71270,5047,893,39838,674,143,NA,NA,NA,NA,NA,NA,NA,10145,386,9759,2020-12-20,2444,7448,612,47,NA
2020-12-21,962,668,NA,NA,751,28925,1035,361,NA,NA,NA,NA,NA,NA,NA,NA,NA,NA,NA,NA,NA,NA,NA,NA
2020-12-22,4178,1596,71890,5173,632,31435,1545,510,NA,NA,NA,NA,NA,NA,NA,NA,NA,NA,NA,NA,NA,NA,NA,NA
2020-12-23,3505,2617,72255,5286,974,35258,2171,626,NA,NA,NA,NA,NA,NA,NA,NA,NA,NA,NA,NA,NA,NA,NA,NA
2020-12-24,4733,2653,73000,5137,903,35289,3028,857,204,NA,NA,NA,NA,NA,NA,NA,NA,NA,NA,NA,NA,NA,NA,NA
2020-12-25,4158,3034,73828,4942,1028,43110,3879,851,NA,NA,NA,NA,NA,NA,NA,NA,NA,NA,NA,NA,NA,NA,NA,NA
2020-12-26,3904,3906,73536,4857,936,42458,4180,301,NA,NA,NA,NA,NA,NA,NA,NA,NA,NA,NA,NA,NA,NA,NA,NA
2020-12-27,3492,3128,73849,4895,916,37890,4268,88,NA,NA,NA,NA,NA,NA,NA,NA,NA,NA,2020-12-27,2547,7232,679,717,NA
2020-12-28,NA,NA,NA,NA,773,22338,4898,630,NA,NA,NA,NA,NA,NA,NA,11925,NA,NA,NA,NA,NA,NA,NA,432
2020-12-29,3845,2109,74223,4875,694,33149,5357,459,NA,NA,NA,NA,NA,NA,NA,NA,NA,NA,NA,NA,NA,NA,NA,NA
2020-12-30,4298,4278,73667,4805,851,34763,5870,513,NA,NA,NA,NA,NA,NA,NA,NA,NA,NA,NA,NA,NA,NA,NA,NA
2020-12-31,NA,NA,NA,NA,881,39161,5927,57,NA,NA,NA,NA,NA,NA,NA,NA,NA,NA,NA,NA,NA,NA,NA,NA
2021-01-01,1554,3058,73082,4470,869,32611,5942,15,NA,NA,NA,NA,NA,NA,NA,NA,NA,NA,NA,NA,NA,NA,NA,NA
2021-01-02,888,945,73087,4475,638,16777,6066,124,262,NA,NA,NA,NA,NA,NA,NA,NA,NA,NA,NA,NA,NA,NA,NA
2021-01-03,1579,906,72977,4475,570,13183,6269,203,262,0,NA,NA,NA,NA,NA,NA,NA,NA,2021-01-03,2381,6778,569,2050,NA
2021-01-04,1797,1624,NA,NA,690,10902,7014,745,262,0,NA,NA,NA,NA,NA,NA,NA,NA,NA,NA,NA,NA,NA,NA
2021-01-05,2195,1729,72944,4658,717,16253,8067,1053,262,0,14625,NA,NA,NA,NA,NA,NA,NA,NA,NA,NA,NA,NA,NA
2021-01-06,1581,1788,72778,4697,792,20837,9347,1280,269,7,13345,NA,NA,NA,NA,NA,NA,NA,NA,NA,NA,NA,NA,424
2021-01-07,2140,1836,72540,4775,794,21800,10127,780,269,0,12565,NA,NA,NA,NA,NA,NA,NA,NA,NA,NA,NA,NA,NA
2021-01-08,1163,1756,72286,4913,799,18651,11597,1470,344,75,11095,NA,NA,NA,NA,NA,NA,NA,NA,NA,NA,NA,NA,NA
2021-01-09,2033,1641,71890,4848,725,20297,13007,1410,384,40,9685,NA,NA,NA,NA,NA,NA,NA,NA,NA,NA,NA,NA,NA
2021-01-10,2141,2686,72576,4880,698,25602,13692,685,384,0,9000,NA,NA,NA,NA,NA,NA,NA,2021-01-10,2370,7078,559,1771,NA
2021-01-11,1505,1873,NA,NA,670,25340,15352,1660,630,246,NA,NA,NA,NA,NA,NA,NA,NA,NA,NA,NA,NA,NA,NA
2021-01-12,3609,1258,71218,4831,596,29983,17025,1673,1099,469,25667,NA,NA,NA,NA,NA,NA,NA,NA,NA,NA,NA,NA,NA
2021-01-13,4205,3425,70619,4669,823,37389,18477,1452,1795,696,24215,NA,NA,NA,NA,12488,NA,NA,NA,NA,NA,NA,NA,NA
2021-01-14,4011,3551,70372,4603,785,38105,19885,1408,2592,797,22807,NA,NA,NA,NA,12488,2963,9525,NA,NA,NA,NA,NA,NA
2021-01-15,3274,3915,69804,4558,750,36812,21872,1987,3475,883,20820,NA,NA,NA,NA,12488,3160,9328,NA,NA,NA,NA,NA,NA
2021-01-16,3636,3625,69002,4405,718,36812,22349,477,3913,438,20343,NA,NA,NA,NA,12488,3233,9255,NA,NA,NA,NA,NA,372
2021-01-17,1233,3072,68602,4479,710,28134,22489,140,3967,54,20203,NA,NA,NA,NA,12488,3024,9464,2021-01-17,2103,6651,486,2648,367
2021-01-18,1095,1138,NA,NA,493,16389,24817,2328,4537,570,17875,NA,NA,NA,NA,12488,3087,9401,NA,NA,NA,NA,NA,NA
2021-01-19,2903,2259,67803,4556,463,21478,27499,2682,4986,449,15193,NA,NA,NA,NA,12488,3346,9142,NA,NA,NA,NA,NA,NA
2021-01-20,4006,2885,67493,4470,676,26700,30159,2660,5367,381,12533,NA,NA,NA,NA,12488,3577,8911,NA,NA,NA,NA,NA,NA
2021-01-21,3400,4194,66752,4445,565,31108,32453,2294,5590,223,19239,NA,NA,NA,NA,NA,3770,NA,NA,NA,NA,NA,NA,NA
2021-01-22,3195,4696,65212,4339,607,30753,35031,2578,5643,53,31511,NA,NA,NA,NA,12538,4088,8450,NA,NA,NA,NA,NA,NA
2021-01-23,3052,4205,63731,4317,611,30798,35920,889,5677,34,40922,NA,NA,NA,NA,12538,4137,8401,2021-01-23,2006,5844,408,3630,NA
2021-01-24,725,2260,63362,4272,489,25364,36225,305,5801,134,40667,NA,NA,NA,NA,12538,4049,8489,NA,NA,NA,NA,NA,328
2021-01-25,436,899,NA,NA,373,14958,39441,3216,6687,886,NA,NA,NA,NA,NA,12538,4059,8479,NA,NA,NA,NA,NA,NA
2021-01-26,2928,2422,61971,4380,415,19072,43542,4101,7761,1074,37850,NA,NA,NA,NA,12538,4280,8258,NA,NA,NA,NA,NA,NA
2021-01-27,2761,5795,58805,4344,593,24302,49408,5866,8860,1099,37734,NA,NA,NA,NA,12538,4576,7962,NA,NA,NA,NA,NA,NA
2021-01-28,2621,4124,56869,4228,521,30741,56068,6660,9691,1101,37474,NA,NA,NA,NA,12538,4665,7873,NA,NA,NA,NA,NA,NA
2021-01-29,2122,3628,55317,4219,610,29385,61894,5896,11150,1459,43348,NA,NA,NA,NA,12538,4944,7594,NA,NA,NA,NA,NA,NA
2021-01-30,1314,3409,53910,4226,498,28675,64812,2918,12221,1071,40430,NA,NA,NA,NA,12538,5029,7509,NA,NA,NA,NA,NA,NA
2021-01-31,992,1437,53427,3989,546,23093,66060,1248,12588,367,39182,NA,NA,NA,NA,12538,4889,7649,2021-01-31,1867,5204,336,4481,287
2021-02-01,926,1273,NA,NA,335,12771,72334,6274,15027,2439,37498,NA,NA,NA,NA,12538,4955,7583,NA,NA,NA,NA,NA,NA
2021-02-02,2792,1924,51729,4098,343,13835,78954,6620,16845,1818,42173,NA,NA,NA,NA,12538,5146,7392,NA,NA,NA,NA,NA,NA
2021-02-03,2487,3627,50014,4057,549,21275,86479,7525,18280,1435,46168,NA,NA,NA,NA,NA,NA,NA,NA,NA,NA,NA,NA,NA
2021-02-04,2154,3153,48975,4001,491,26922,94463,7984,19609,1329,48579,NA,NA,NA,NA,NA,NA,NA,NA,NA,NA,NA,NA,NA
2021-02-05,1868,3012,48222,3889,436,25942,102304,7841,21417,1808,54598,NA,NA,NA,NA,12538,5637,6901,NA,NA,NA,NA,NA,NA
2021-02-06,2466,2472,46796,3789,421,25203,106894,4590,21891,474,74263,NA,NA,NA,NA,NA,NA,NA,NA,NA,NA,NA,NA,NA
2021-02-07,1316,2339,46509,3806,384,22838,109085,2191,22007,116,72072,NA,NA,NA,NA,11950,5071,6879,2021-02-07,1660,4703,213,4774,284
2021-02-08,627,1090,NA,NA,260,12003,117586,8501,24310,2303,83731,NA,NA,NA,NA,NA,NA,NA,NA,NA,NA,NA,NA,NA
2021-02-09,2416,3739,45604,3858,251,14557,126473,8887,27011,2701,88389,NA,NA,NA,NA,NA,NA,NA,NA,NA,NA,NA,NA,NA
2021-02-10,1938,3589,44826,3829,376,20875,135606,9133,29481,2470,83031,NA,NA,NA,NA,10650,4278,6372,NA,NA,NA,NA,NA,NA
2021-02-11,2149,3333,43134,3781,346,25124,144493,8887,31867,2386,87344,NA,NA,NA,NA,10650,4383,6267,NA,NA,NA,NA,NA,NA
2021-02-12,2193,3446,41769,3884,401,24842,153767,9274,34256,2389,105045,NA,NA,NA,NA,10650,4652,5998,NA,NA,NA,NA,NA,260
2021-02-13,1539,2678,40165,3697,381,24842,158563,4796,35009,753,116944,NA,NA,NA,NA,10650,4842,5808,NA,NA,NA,NA,NA,NA
2021-02-14,473,1545,39477,3588,350,19450,160626,2063,35287,278,114881,NA,NA,NA,NA,10250,4365,5885,2021-02-14,1479,4011,132,5028,249
2021-02-15,313,1497,NA,NA,280,12241,168745,8119,38340,3053,111847,NA,NA,NA,NA,9578,3771,5807,NA,NA,NA,NA,NA,NA
2021-02-16,1553,2931,38523,3551,257,12649,178247,9502,42424,4084,102345,NA,NA,NA,NA,9523,3882,5641,NA,NA,NA,NA,NA,NA
2021-02-17,1268,2882,37437,3471,404,18918,187661,9414,47716,5292,94776,NA,NA,NA,NA,9273,3895,5378,NA,NA,NA,NA,NA,NA
2021-02-18,1785,3234,36286,3362,384,23902,196173,8512,54324,6608,106364,NA,NA,NA,NA,9273,3957,5316,NA,NA,NA,NA,NA,NA
2021-02-19,1874,3676,35004,3374,443,22885,205343,9170,59773,5449,111294,NA,NA,NA,NA,9273,4066,5207,NA,NA,NA,NA,NA,NA
2021-02-20,1989,2696,34411,3406,365,22642,213220,7877,62708,2935,105817,NA,NA,NA,NA,9273,4156,5117,NA,NA,NA,NA,NA,217
2021-02-21,1349,2350,33710,3338,412,22941,215407,2187,64225,1517,103630,NA,NA,NA,NA,NA,NA,NA,2021-02-21,1247,3476,141,4007,204
2021-02-22,320,1018,NA,NA,405,14457,217384,1977,68517,4292,101653,NA,NA,NA,NA,7759,2545,5214,NA,NA,NA,NA,NA,NA
2021-02-23,568,1723,32993,3268,265,11579,219125,1741,72019,3502,99912,NA,NA,NA,NA,7759,2428,5331,NA,NA,NA,NA,NA,NA
2021-02-24,324,1490,32681,3264,245,7408,226188,7063,80459,8440,101549,NA,NA,NA,NA,7759,2408,5351,NA,NA,NA,NA,NA,NA
2021-02-25,1245,2301,32412,3395,259,11623,234180,7992,88772,8313,94457,NA,NA,NA,NA,7759,2403,5356,NA,NA,NA,NA,NA,NA
2021-02-26,1372,1667,31209,3339,430,18953,242383,8203,97183,8411,101959,NA,NA,NA,NA,7759,2486,5273,NA,NA,NA,NA,NA,NA
2021-02-27,1240,2538,30515,3303,427,26358,245941,3558,101345,4162,98401,NA,NA,NA,NA,7759,2445,5314,NA,NA,NA,NA,NA,NA
2021-02-28,558,1228,29914,3329,432,20337,246992,1051,103545,2200,97350,NA,NA,NA,NA,6944,1510,5434,2021-02-28,1259,3764,142,2192,227
2021-03-01,296,1320,NA,NA,259,14790,253674,6682,112254,8709,93368,NA,NA,NA,NA,6924,1499,5425,NA,NA,NA,NA,NA,211
2021-03-02,1642,2659,29106,3403,265,14328,260505,6831,120652,8398,88037,NA,NA,NA,NA,6924,1540,5384,NA,NA,NA,NA,NA,NA
2021-03-03,1707,2635,28317,3467,420,22130,267676,7171,129439,8787,80866,NA,NA,NA,NA,6924,1647,5277,NA,NA,NA,NA,NA,198
2021-03-04,1292,2609,27331,3488,333,23641,274018,6342,137751,8312,74524,NA,NA,NA,NA,6924,1705,5219,NA,NA,NA,NA,NA,201
2021-03-05,1351,2591,26231,3404,378,23520,280053,6035,146886,9135,68489,NA,NA,NA,NA,6924,1789,5135,NA,NA,NA,NA,NA,NA
2021-03-06,1251,2750,25300,3388,436,23052,282668,2615,151389,4503,65874,NA,NA,NA,NA,6924,1890,5034,NA,NA,NA,NA,NA,NA
2021-03-07,375,1402,24674,3360,357,19005,283625,957,153144,1755,64917,NA,NA,NA,NA,6924,1845,5079,2021-03-07,1264,3451,119,1688,207
2021-03-08,377,1411,NA,NA,248,12608,284395,770,155706,2562,64147,NA,NA,NA,NA,6924,1779,5145,NA,NA,NA,NA,NA,212
2021-03-09,285,1372,24279,3323,191,5915,288855,4460,167235,11529,59687,NA,NA,NA,NA,6924,1747,5177,NA,NA,NA,NA,NA,199
2021-03-10,1179,2749,24049,3374,231,10740,294706,5851,176918,9683,53836,NA,NA,NA,NA,6756,1676,5080,NA,NA,NA,NA,NA,NA
2021-03-11,1063,2805,23526,3395,352,19164,299771,5065,185827,8909,48771,NA,NA,NA,NA,6756,1845,4911,NA,NA,NA,NA,NA,215
2021-03-12,1262,2861,22517,3341,369,22946,305182,5411,195382,9555,43360,NA,NA,NA,NA,6756,2039,4717,NA,NA,NA,NA,NA,NA
2021-03-13,1362,2326,21664,3270,344,25425,306878,1696,200575,5193,41664,NA,NA,NA,NA,6756,1935,4821,NA,NA,NA,NA,NA,NA
2021-03-14,307,841,21165,3257,374,20691,307609,731,202069,1494,40933,NA,NA,NA,NA,6756,1875,4881,2021-03-14,1777,3249,108,1820,207
2021-03-15,361,684,NA,NA,226,11891,311530,3921,207568,5499,37012,NA,NA,NA,NA,6756,1895,4861,NA,NA,NA,NA,NA,NA
2021-03-16,979,1174,20859,3291,253,12520,315693,4163,210920,3352,32849,NA,NA,NA,NA,6248,1530,4718,NA,NA,NA,NA,NA,202
2021-03-17,737,997,20489,3255,337,18778,319463,3770,217626,6706,29079,NA,NA,NA,NA,6248,1606,4642,NA,NA,NA,NA,NA,200
2021-03-18,1500,2041,20012,3100,363,26317,322794,3331,225294,7668,25748,NA,NA,NA,NA,6248,1689,4559,NA,NA,NA,NA,NA,NA
2021-03-19,1229,2027,19291,3137,308,24315,326049,3255,233119,7825,22493,NA,NA,NA,NA,6248,1754,4494,NA,NA,NA,NA,NA,NA
2021-03-20,841,1073,18592,3072,362,24330,327587,1538,236187,3068,35255,NA,NA,NA,NA,6248,1800,4448,NA,NA,NA,NA,NA,187
2021-03-21,379,291,18432,3068,327,20722,328615,1028,237044,857,34227,NA,NA,NA,NA,6248,1704,4544,2021-03-21,1187,2941,139,1579,189
2021-03-22,270,245,NA,NA,226,11245,332322,3707,243738,6694,31720,NA,NA,NA,NA,6248,1679,4569,NA,NA,NA,NA,NA,189
2021-03-23,1130,1363,18423,3149,224,12150,336769,4447,250563,6825,27273,NA,NA,NA,NA,6248,1741,4507,NA,NA,NA,NA,NA,191
2021-03-24,904,705,18205,3171,327,18731,341316,4547,257424,6861,34526,NA,NA,NA,NA,6248,1818,4430,NA,NA,NA,NA,NA,183
2021-03-25,1090,1273,18076,3129,308,22521,346914,5598,263529,6105,46048,NA,NA,NA,NA,6248,1889,4359,NA,NA,NA,NA,NA,191
2021-03-26,1054,1615,17906,3101,313,21025,354154,7240,269494,5965,55688,NA,NA,NA,NA,6248,1959,4289,NA,NA,NA,NA,NA,187
2021-03-27,1164,1192,17633,3108,334,20236,358131,3977,271699,2205,51711,NA,NA,NA,NA,6248,1949,4299,NA,NA,NA,NA,NA,174
2021-03-28,296,160,17340,3061,323,18533,359843,1712,272319,620,49999,NA,NA,NA,NA,6248,1851,4397,2021-03-28,1152,2818,119,1757,173
2021-03-29,161,135,NA,NA,197,12853,368057,8214,274342,2203,45685,NA,NA,NA,NA,5347,878,4469,NA,NA,NA,NA,NA,181
2021-03-30,1130,1061,17246,3105,221,12351,376357,8300,278720,4378,55085,NA,NA,NA,NA,5347,875,4472,NA,NA,NA,NA,NA,169
2021-03-31,746,978,17045,3135,363,NA,384078,7721,284106,5386,62064,NA,NA,NA,NA,5347,909,4438,NA,NA,NA,NA,NA,NA
2021-04-01,918,1101,16804,3050,333,23601,392126,8084,289240,5134,73716,NA,NA,NA,NA,5347,1009,4338,NA,NA,NA,NA,NA,164
2021-04-02,860,1054,16496,3027,324,22405,401057,8931,294321,5071,64785,NA,NA,NA,NA,5347,987,4360,NA,NA,NA,NA,NA,167
2021-04-03,800,1019,16372,3021,323,22979,405074,4017,296101,1780,60768,NA,NA,NA,NA,5347,972,4375,NA,NA,NA,NA,NA,172
2021-04-04,272,189,16379,3016,343,19542,406838,1764,296742,641,59004,NA,NA,NA,NA,5347,915,4432,2021-04-04,1175,2819,123,828,179
2021-04-05,209,216,NA,NA,205,12591,414934,8096,301006,4264,61408,NA,NA,NA,NA,NA,NA,NA,NA,NA,NA,NA,NA,180
2021-04-06,1060,1342,16349,3019,259,12361,423594,8660,304905,3899,69848,NA,NA,NA,NA,NA,NA,NA,NA,NA,NA,NA,NA,178
2021-04-07,851,939,16222,3068,342,17869,432606,9012,308784,3879,60836,NA,NA,NA,NA,5273,844,4429,NA,NA,NA,NA,NA,178
2021-04-08,875,938,16120,2999,298,23095,441581,8975,311912,3128,77461,NA,NA,NA,NA,5273,884,4389,NA,NA,NA,NA,NA,NA
2021-04-09,893,929,16001,2978,287,21648,450728,9147,315041,3129,82284,NA,NA,NA,NA,5273,947,4326,NA,NA,NA,NA,NA,176
2021-04-10,958,953,15908,2875,299,21088,454890,4162,316472,1431,78122,NA,NA,NA,NA,5273,984,4289,NA,NA,NA,NA,NA,157
2021-04-11,162,68,15918,2802,328,18056,456549,1659,317495,1023,176063,NA,NA,NA,NA,5273,918,4355,2021-04-11,1080,2825,110,856,176
2021-04-12,177,252,NA,NA,199,11153,463705,7156,321232,3737,188707,NA,NA,NA,NA,5273,899,4374,NA,NA,NA,NA,NA,165
2021-04-13,951,1194,15906,2816,188,12542,471559,7854,325806,4574,180853,NA,NA,NA,NA,5273,1011,4262,NA,NA,NA,NA,NA,167
2021-04-14,859,977,15704,2842,274,18671,479424,7865,330302,4496,72788,NA,NA,NA,NA,5273,1056,4217,NA,NA,NA,NA,NA,169
2021-04-15,939,1456,15594,2848,299,23012,487411,7987,335844,5542,108151,NA,NA,NA,NA,5273,1112,4161,NA,NA,NA,NA,NA,163
2021-04-16,770,419,15129,2869,292,20538,495390,7979,342752,6908,230822,NA,NA,NA,NA,5273,1156,4117,NA,NA,NA,NA,NA,153
2021-04-17,933,746,15171,2828,291,22627,498558,3168,346220,3468,227654,NA,NA,NA,NA,5273,1207,4066,NA,NA,NA,NA,NA,156
2021-04-18,167,163,15232,2804,317,18082,499808,1250,347756,1536,226404,NA,NA,NA,NA,5273,1109,4164,2021-04-18,1096,2647,109,1019,156
2021-04-19,178,332,NA,NA,213,11162,505902,6094,355950,8194,116960,NA,NA,NA,NA,NA,NA,NA,NA,NA,NA,NA,NA,NA
2021-04-20,1112,1613,15160,2859,186,12732,512964,7062,363791,7841,116518,NA,NA,NA,NA,5248,1094,4154,NA,NA,NA,NA,NA,154
2021-04-21,838,1171,14852,2782,299,16660,519952,6988,371214,7423,206260,NA,NA,NA,NA,5248,1194,4054,NA,NA,NA,NA,NA,166
2021-04-22,852,906,14541,2726,292,23651,527069,7117,379261,8047,102413,NA,NA,NA,NA,5248,1196,4052,NA,NA,NA,NA,NA,159
2021-04-23,886,660,14547,2804,281,20410,534166,7097,387698,8437,103066,NA,NA,NA,NA,5248,1229,4019,NA,NA,NA,NA,NA,158
2021-04-24,795,959,14496,2773,305,21186,537313,3147,391418,3720,99919,NA,NA,NA,NA,5248,1191,4057,NA,NA,NA,NA,NA,166
2021-04-25,294,247,14493,2705,333,17035,538558,1245,392940,1522,187654,NA,NA,NA,NA,5248,1111,4137,2021-04-25,1093,2611,91,1076,165
2021-04-26,152,210,NA,NA,204,13892,544646,6088,401427,8487,92586,NA,NA,NA,NA,5248,1051,4197,NA,NA,NA,NA,NA,158
2021-04-27,1053,972,14544,2830,188,11956,551333,6687,409732,8305,86499,NA,NA,NA,NA,5248,1079,4169,NA,NA,NA,NA,NA,165
2021-04-28,871,1087,14536,2809,303,18894,557301,5968,418488,8756,102431,NA,NA,NA,NA,5248,1037,4211,NA,NA,NA,NA,NA,182
2021-04-29,942,1040,14556,2803,288,22902,563306,6005,426893,8405,114616,NA,NA,NA,NA,5248,1151,4097,NA,NA,NA,NA,NA,169
2021-04-30,826,1011,14525,2786,307,23489,568822,5516,435969,9076,122500,NA,NA,NA,NA,5248,1198,4050,NA,NA,NA,NA,NA,181
2021-05-01,951,978,14541,2722,334,24167,570335,1513,438652,2683,197067,NA,NA,NA,NA,5248,1301,3947,NA,NA,NA,NA,NA,167
2021-05-02,399,171,14505,2803,228,18746,571291,956,439956,1304,196111,NA,NA,NA,NA,5248,1185,4063,2021-05-02,986,2712,109,1064,169
2021-05-03,336,175,NA,NA,213,8648,573057,1766,443242,3286,118265,NA,NA,NA,NA,5248,1039,4209,NA,NA,NA,NA,NA,175
2021-05-04,339,200,14709,2845,207,11203,576666,3609,452149,8907,114656,NA,NA,NA,NA,5248,1004,4244,NA,NA,NA,NA,NA,178
2021-05-05,901,770,14709,2883,234,9199,580463,3397,460540,8391,110859,NA,NA,NA,NA,5248,1057,4191,NA,NA,NA,NA,NA,177
2021-05-06,783,743,14649,2831,287,15894,584290,3827,468053,7513,107032,NA,NA,NA,NA,5248,1046,4202,NA,NA,NA,NA,NA,173
2021-05-07,967,760,14644,2898,323,17470,588223,3933,475310,7257,103099,NA,NA,NA,NA,5248,1071,4177,NA,NA,NA,NA,NA,192
2021-05-08,875,808,14630,2899,327,19646,590322,2099,478178,2868,101000,NA,NA,NA,NA,5248,1094,4154,NA,NA,NA,NA,NA,194
2021-05-09,402,173,14481,2979,353,16210,590953,631,478930,752,100369,NA,NA,NA,NA,5248,1019,4229,2021-05-09,950,2960,77,884,187
2021-05-10,365,102,NA,NA,273,12678,592573,1620,481963,3033,98749,NA,NA,NA,NA,5248,888,4360,NA,NA,NA,NA,NA,185
2021-05-11,399,204,14742,3119,241,10772,596806,4233,491547,9584,94516,NA,NA,NA,NA,5248,786,4462,NA,NA,NA,NA,NA,189
2021-05-12,1213,933,14884,3201,302,15986,602027,5221,499874,8327,89295,NA,NA,NA,NA,5248,818,4430,NA,NA,NA,NA,NA,176
2021-05-13,1095,1042,15041,3246,379,22201,606880,4853,507555,7681,95842,NA,NA,NA,NA,NA,NA,NA,NA,NA,NA,NA,NA,NA
2021-05-14,1229,1164,14928,3230,433,30133,615014,8134,515524,7969,101528,NA,NA,NA,NA,5248,784,4464,NA,NA,NA,NA,NA,180
2021-05-15,1307,1676,15208,3249,407,27582,619580,4566,518527,3003,96962,NA,NA,NA,NA,5248,729,4519,NA,NA,NA,NA,NA,194
2021-05-16,518,1069,15405,3265,446,23964,621865,2285,519656,1129,94677,NA,NA,NA,NA,5248,585,4663,2021-05-16,1013,3321,96,441,193
2021-05-17,334,666,NA,NA,339,15010,626822,4957,526303,6647,97520,NA,NA,NA,NA,5543,805,4738,NA,NA,NA,NA,NA,186
2021-05-18,1404,1032,14384,3475,254,12955,632212,5390,533174,6871,92730,NA,NA,NA,NA,5543,721,4822,NA,NA,NA,NA,NA,189
2021-05-19,1351,1427,14843,3556,443,18333,638252,6040,539209,6035,99870,NA,NA,NA,NA,5543,730,4813,NA,NA,NA,NA,NA,194
2021-05-20,1293,1501,15080,3603,403,25647,643893,5641,545028,5819,96329,NA,NA,NA,NA,5992,1176,4816,NA,NA,NA,NA,NA,174
2021-05-21,1171,1266,15604,3676,413,24114,649986,6093,550844,5816,92536,NA,NA,NA,NA,5992,1216,4776,NA,NA,NA,NA,NA,178
2021-05-22,1485,1327,15937,3670,397,23272,652750,2746,552562,1718,89772,NA,NA,NA,NA,5992,1126,4866,NA,NA,NA,NA,NA,193
2021-05-23,476,414,16360,3714,421,23488,653932,1182,553352,790,88590,NA,NA,NA,NA,5992,1006,4986,2021-05-23,1041,3610,157,807,188
2021-05-24,312,116,NA,NA,284,14176,659835,5903,556163,2811,70570,NA,NA,NA,NA,5992,942,5050,NA,NA,NA,NA,NA,NA
2021-05-25,1530,1266,16755,3875,270,13842,665943,6108,559976,3813,97789,NA,NA,NA,NA,5992,895,5097,NA,NA,NA,NA,NA,NA
2021-05-26,1362,1161,16929,3948,462,20157,671816,5873,563955,3979,111736,NA,NA,NA,NA,5992,889,5103,NA,NA,NA,NA,NA,NA
2021-05-27,1495,1391,17286,4005,404,26832,677650,5834,567538,2583,105902,NA,NA,NA,NA,5992,846,5146,NA,NA,NA,NA,NA,NA
2021-05-28,1375,1172,17303,4098,443,25190,684087,6437,571398,3860,99465,NA,NA,NA,NA,5992,861,5131,NA,NA,NA,NA,NA,NA
2021-05-29,1697,967,17597,4041,421,26263,687097,3010,573186,1788,96455,NA,NA,NA,NA,6142,1029,5113,NA,NA,NA,NA,NA,NA
2021-05-30,596,238,18076,3998,443,23735,688078,981,573720,534,95474,NA,NA,NA,NA,6142,NA,NA,2021-05-30,999,3927,109,730,127
2021-05-31,NA,NA,NA,NA,321,15928,694264,6186,576570,2850,89288,NA,NA,NA,NA,6142,710,5432,NA,NA,NA,NA,NA,NA
2021-06-01,1730,1249,18700,4247,329,17334,700711,6447,580412,3842,93141,NA,NA,NA,NA,6142,NA,NA,NA,NA,NA,NA,NA,NA
2021-06-02,1670,1000,19409,4329,510,21582,NA,NA,NA,NA,NA,NA,NA,NA,NA,NA,NA,NA,NA,NA,NA,NA,NA,NA
2021-06-03,NA,NA,NA,NA,NA,28719,NA,NA,NA,NA,NA,NA,NA,NA,NA,NA,NA,NA,NA,NA,NA,NA,NA,NA
2021-06-04,NA,NA,NA,NA,NA,27300,NA,NA,NA,NA,NA,NA,NA,NA,NA,NA,NA,NA,NA,NA,NA,NA,NA,NA
2021-06-05,NA,NA,NA,NA,NA,27158,NA,NA,NA,NA,NA,NA,NA,NA,NA,NA,NA,NA,NA,NA,NA,NA,NA,NA
2021-06-06,NA,NA,NA,NA,NA,25671,722545,NA,599086,NA,NA,NA,NA,NA,NA,NA,NA,NA,NA,NA,NA,NA,NA,NA
2021-06-07,NA,NA,NA,NA,NA,17188,727760,5215,604672,5586,92682,NA,NA,NA,NA,NA,NA,NA,NA,NA,NA,NA,NA,NA
2021-06-08,NA,NA,NA,NA,NA,19117,734139,6379,610171,5499,86303,NA,NA,NA,NA,NA,NA,NA,NA,NA,NA,NA,NA,NA
2021-06-09,NA,NA,NA,NA,NA,24254,740227,6088,615972,5801,NA,NA,NA,NA,NA,NA,NA,NA,NA,NA,NA,NA,NA,NA
2021-06-10,NA,NA,NA,NA,NA,31168,745540,5313,621698,5726,114502,NA,NA,NA,NA,NA,NA,NA,NA,NA,NA,NA,NA,NA
2021-06-11,NA,NA,NA,NA,NA,31673,NA,NA,NA,NA,NA,NA,NA,NA,NA,NA,NA,NA,NA,NA,NA,NA,NA,NA
2021-06-12,NA,NA,NA,NA,NA,35378,NA,NA,NA,NA,NA,NA,NA,NA,NA,NA,NA,NA,NA,NA,NA,NA,NA,NA
2021-06-13,NA,NA,NA,NA,NA,27797,754465,NA,631270,NA,NA,NA,NA,NA,NA,NA,NA,NA,NA,NA,NA,NA,NA,NA
2021-06-14,NA,NA,NA,NA,NA,21610,756657,2192,634130,2860,107285,NA,NA,NA,NA,NA,NA,NA,NA,NA,NA,NA,NA,NA
2021-06-15,NA,NA,NA,NA,NA,16502,762863,6206,642759,8629,101079,NA,NA,NA,NA,NA,NA,NA,NA,NA,NA,NA,NA,NA
2021-06-16,NA,NA,NA,NA,NA,23262,770091,7228,649187,6428,93851,NA,NA,NA,NA,NA,NA,NA,NA,NA,NA,NA,NA,NA
2021-06-17,NA,NA,NA,NA,NA,31264,778047,7956,654850,5663,109895,NA,NA,NA,NA,NA,NA,NA,NA,NA,NA,NA,NA,NA
2021-06-18,NA,NA,NA,NA,NA,39635,NA,NA,NA,NA,NA,NA,NA,NA,NA,NA,NA,NA,NA,NA,NA,NA,NA,NA
2021-06-19,NA,NA,NA,NA,NA,43336,NA,NA,NA,NA,NA,NA,NA,NA,NA,NA,NA,NA,NA,NA,NA,NA,NA,NA
2021-06-20,NA,NA,NA,NA,NA,39787,792693,NA,664772,NA,NA,NA,NA,NA,NA,NA,NA,NA,NA,NA,NA,NA,NA,NA
2021-06-21,NA,NA,NA,NA,811,24313,801763,9070,669881,5109,150339,NA,NA,NA,NA,NA,NA,NA,NA,NA,NA,NA,NA,NA
2021-06-22,NA,NA,NA,NA,1156,29822,811895,10132,676001,6120,140207,NA,NA,NA,NA,NA,NA,NA,NA,NA,NA,NA,NA,NA
2021-06-23,NA,NA,NA,NA,1127,35694,822815,10920,681777,5776,129287,NA,NA,NA,NA,NA,NA,NA,NA,NA,NA,NA,NA,NA
2021-06-24,NA,NA,NA,NA,1141,40874,834932,12117,687246,5469,117170,NA,NA,NA,NA,NA,NA,NA,NA,NA,NA,NA,NA,NA
2021-06-25,NA,NA,NA,NA,1206,39705,848787,13855,693034,5788,208315,NA,NA,NA,NA,NA,NA,NA,NA,NA,NA,NA,NA,NA
2021-06-26,NA,NA,NA,NA,1180,43818,855753,6966,695348,2314,NA,NA,NA,NA,NA,NA,NA,NA,NA,NA,NA,NA,NA,NA
2021-06-27,NA,NA,NA,NA,908,41087,858869,3116,696191,843,200663,NA,NA,NA,NA,NA,NA,NA,NA,NA,NA,NA,NA,NA
2021-06-28,NA,NA,NA,NA,840,28590,872945,14076,701430,5239,186587,NA,NA,NA,NA,NA,NA,NA,NA,NA,NA,NA,NA,NA
2021-06-29,NA,NA,NA,NA,1134,32953,888856,15911,709962,5532,190476,NA,NA,NA,NA,NA,NA,NA,NA,NA,NA,NA,NA,NA
2021-06-30,NA,NA,NA,NA,1091,34541,906373,17517,712207,5245,172959,NA,NA,NA,NA,NA,NA,NA,NA,NA,NA,NA,NA,NA
2021-07-01,NA,NA,NA,NA,996,41946,924844,18471,716855,4648,154488,NA,NA,NA,NA,NA,NA,NA,NA,NA,NA,NA,NA,NA
2021-07-02,NA,NA,NA,NA,936,45788,945439,20595,722168,5313,NA,NA,NA,NA,NA,NA,NA,NA,NA,NA,NA,NA,NA,NA
2021-07-03,NA,NA,NA,NA,974,50396,954180,8741,724357,2189,NA,NA,NA,NA,NA,NA,NA,NA,NA,NA,NA,NA,NA,NA
2021-07-04,NA,NA,NA,NA,725,41118,958354,4174,725512,1155,170178,NA,NA,NA,NA,NA,NA,NA,NA,NA,NA,NA,NA,NA
2021-07-05,NA,NA,NA,NA,613,26784,977811,19547,729052,3540,151321,NA,NA,NA,NA,NA,NA,NA,NA,NA,NA,NA,NA,NA
2021-07-06,NA,NA,NA,NA,819,29463,998316,20505,734869,5817,130685,41,41,NA,NA,NA,NA,NA,NA,NA,NA,NA,NA,NA
2021-07-07,NA,NA,NA,NA,792,33657,1020031,21715,741456,6587,109011,88,47,NA,NA,NA,NA,NA,NA,NA,NA,NA,NA,NA
2021-07-08,NA,NA,NA,NA,789,37625,1041564,21533,748624,7168,206878,136,48,NA,NA,NA,NA,NA,NA,NA,NA,NA,NA,NA
2021-07-09,NA,NA,NA,NA,723,43426,1061708,20144,756510,7886,NA,173,37,NA,NA,NA,NA,NA,NA,NA,NA,NA,NA,NA
2021-07-10,NA,NA,NA,NA,700,40496,1069800,8092,760332,3822,NA,206,33,NA,NA,NA,NA,NA,NA,NA,NA,NA,NA,NA
2021-07-11,NA,NA,NA,NA,558,41840,1074196,4396,762103,1771,182616,210,NA,NA,NA,NA,NA,NA,NA,NA,NA,NA,NA,NA
2021-07-12,NA,NA,NA,NA,460,18934,1092951,18755,771018,8915,164071,246,36,NA,NA,11467,NA,NA,NA,NA,NA,NA,NA,NA
2021-07-13,NA,NA,NA,NA,749,24967,1113515,20564,779618,8600,142507,290,44,NA,NA,NA,NA,NA,NA,NA,NA,NA,NA,NA
2021-07-14,NA,NA,NA,NA,656,34446,1133300,19785,789019,9401,123722,327,37,NA,NA,NA,NA,NA,NA,NA,NA,NA,NA,NA
2021-07-15,NA,NA,NA,NA,677,38079,1152176,19076,799252,10233,124613,360,33,NA,NA,NA,NA,NA,NA,NA,NA,NA,NA,NA
2021-07-16,NA,NA,NA,NA,658,39773,1172283,20107,811460,12208,NA,404,44,NA,NA,NA,NA,NA,NA,NA,NA,NA,NA,NA
2021-07-17,NA,NA,NA,NA,662,38618,1180488,8205,816652,5192,NA,419,15,NA,NA,NA,NA,NA,NA,NA,NA,NA,NA,NA
2021-07-18,NA,NA,NA,NA,456,29250,1183773,3285,819039,2387,94612,437,18,NA,NA,NA,NA,NA,NA,NA,NA,NA,NA,NA
2021-07-19,NA,NA,NA,NA,502,21439,1197191,15418,831817,12778,160129,502,65,10,2,NA,NA,NA,NA,NA,NA,NA,NA,NA
2021-07-20,NA,NA,NA,NA,547,23200,1212653,15462,845030,13213,144617,552,51,19,9,11097,2890,8207,NA,NA,NA,NA,NA,NA
2021-07-21,NA,NA,NA,NA,502,28379,1227496,14843,860638,15608,129740,586,65,24,5,NA,NA,NA,NA,NA,NA,NA,NA,NA
2021-07-22,NA,NA,NA,NA,446,35982,1243497,16001,876643,16005,114325,645,51,28,5,NA,NA,NA,NA,NA,NA,NA,NA,NA
2021-07-23,NA,NA,NA,NA,455,30923,1258577,15080,894562,17919,NA,NA,NA,NA,NA,NA,NA,NA,NA,NA,NA,NA,NA,NA
2021-07-24,NA,NA,NA,NA,441,37576,1264519,5942,902299,7737,NA,NA,NA,NA,NA,NA,NA,NA,NA,NA,NA,NA,NA,NA
2021-07-25,NA,NA,NA,NA,285,31330,1267441,2922,906133,3834,89612,769,10,33,2,NA,NA,NA,NA,NA,NA,NA,NA,NA
2021-07-26,NA,NA,NA,NA,316,22153,1280228,12787,923687,17544,116038,839,70,37,4,NA,NA,NA,NA,NA,NA,NA,NA,NA
2021-07-27,NA,NA,NA,NA,530,19698,1293161,12933,941343,17656,125320,861,24,49,12,NA,NA,NA,NA,NA,NA,NA,NA,NA
2021-07-28,NA,NA,NA,NA,NA,26268,1305648,12487,960153,18810,112642,939,74,59,10,NA,NA,NA,NA,NA,NA,NA,NA,NA
2021-07-29,NA,NA,NA,NA,NA,31243,1316789,11141,979700,19547,NA,1297,358,NA,NA,NA,NA,NA,NA,NA,NA,NA,NA,NA
2021-07-30,NA,NA,NA,NA,NA,32350,1328491,11702,1000237,20537,181279,NA,NA,NA,NA,NA,NA,NA,NA,NA,NA,NA,NA,NA
2021-07-31,NA,NA,NA,NA,NA,29099,NA,NA,NA,NA,NA,NA,NA,NA,NA,NA,NA,NA,NA,NA,NA,NA,NA,NA
2021-08-01,NA,NA,NA,NA,NA,32262,NA,NA,NA,NA,NA,NA,NA,NA,NA,NA,NA,NA,NA,NA,NA,NA,NA,NA
2021-08-02,NA,NA,NA,NA,NA,20299,1334850,NA,1012316,NA,NA,NA,NA,NA,NA,NA,NA,NA,NA,NA,NA,NA,NA,NA
