"TIME.sk","CONFIRMED.sk","RECOVERED.sk","DEATHS.sk","ACTIVE.sk","DATE.spb","CONFIRMED.spb","RECOVERED.spb","ACTIVE.spb","IN_HOSPITALS.spb","HOSPITALIZED_TODAY.spb","PCR_TESTS","V1.CS","V1.TODAY","V2.CS","V2.TODAY","V.REMAINING","DESIGNATED_BEDS","VENT","VR1.CS","VR1.TODAY","VR2.CS","VR2.TODAY","FREE_BEDS","OCCUPIED_BEDS_CALCULATED","WEEKLY.REPORTS.BEDS_OCCUPIED.hard","WEEKLY.REPORTS.BEDS_OCCUPIED.mid","WEEKLY.REPORTS.BEDS_OCCUPIED.lite","WEEKLY.REPORTS.BEDS_FREE","WEEKDAY.num","WEEKDAY.ru","WEEKDAY.en"
"2020-03-02 22:29:00",0,0,0,0,"2020-03-02",NA,NA,NA,NA,NA,NA,NA,NA,NA,NA,NA,NA,NA,NA,NA,NA,NA,NA,NA,NA,NA,NA,NA,1,"пн","Mon"
"2020-03-03 12:00:00",0,0,0,0,"2020-03-03",NA,NA,NA,NA,NA,NA,NA,NA,NA,NA,NA,NA,NA,NA,NA,NA,NA,NA,NA,NA,NA,NA,NA,2,"вт","Tue"
"2020-03-04 12:00:00",0,0,0,0,"2020-03-04",NA,NA,NA,NA,NA,NA,NA,NA,NA,NA,NA,NA,NA,NA,NA,NA,NA,NA,NA,NA,NA,NA,NA,3,"ср","Wed"
"2020-03-05 11:26:00",1,0,0,1,"2020-03-05",NA,NA,NA,NA,NA,NA,NA,NA,NA,NA,NA,NA,NA,NA,NA,NA,NA,NA,NA,NA,NA,NA,NA,4,"чт","Thu"
"2020-03-06 19:00:00",0,0,0,1,"2020-03-06",NA,NA,NA,NA,NA,NA,NA,NA,NA,NA,NA,NA,NA,NA,NA,NA,NA,NA,NA,NA,NA,NA,NA,5,"пт","Fri"
"2020-03-07 19:05:00",1,0,0,2,"2020-03-07",NA,NA,NA,NA,NA,NA,NA,NA,NA,NA,NA,NA,NA,NA,NA,NA,NA,NA,NA,NA,NA,NA,NA,6,"сб","Sat"
"2020-03-08 16:00:00",0,0,0,2,"2020-03-08",NA,NA,NA,NA,NA,NA,NA,NA,NA,NA,NA,NA,NA,NA,NA,NA,NA,NA,NA,NA,NA,NA,NA,7,"вс","Sun"
"2020-03-09 14:59:00",0,0,0,2,"2020-03-09",NA,NA,NA,NA,NA,NA,NA,NA,NA,NA,NA,NA,NA,NA,NA,NA,NA,NA,NA,NA,NA,NA,NA,1,"пн","Mon"
"2020-03-10 12:00:00",0,0,0,2,"2020-03-10",NA,NA,NA,NA,NA,NA,NA,NA,NA,NA,NA,NA,NA,NA,NA,NA,NA,NA,NA,NA,NA,NA,NA,2,"вт","Tue"
"2020-03-11 20:20:00",0,0,0,2,"2020-03-11",NA,NA,NA,NA,NA,NA,NA,NA,NA,NA,NA,NA,NA,NA,NA,NA,NA,NA,NA,NA,NA,NA,NA,3,"ср","Wed"
"2020-03-12 19:27:00",0,0,0,2,"2020-03-12",NA,NA,NA,NA,NA,NA,NA,NA,NA,NA,NA,NA,NA,NA,NA,NA,NA,NA,NA,NA,NA,NA,NA,4,"чт","Thu"
"2020-03-13 16:12:00",3,0,0,5,"2020-03-13",NA,NA,NA,NA,NA,NA,NA,NA,NA,NA,NA,NA,NA,NA,NA,NA,NA,NA,NA,NA,NA,NA,NA,5,"пт","Fri"
"2020-03-14 18:07:00",1,0,0,6,"2020-03-14",NA,NA,NA,NA,NA,NA,NA,NA,NA,NA,NA,NA,NA,NA,NA,NA,NA,NA,NA,NA,NA,NA,NA,6,"сб","Sat"
"2020-03-15 16:42:00",0,0,0,6,"2020-03-15",NA,NA,NA,NA,NA,NA,NA,NA,NA,NA,NA,NA,NA,NA,NA,NA,NA,NA,NA,NA,NA,NA,NA,7,"вс","Sun"
"2020-03-16 15:45:00",3,2,0,7,"2020-03-16",NA,NA,NA,NA,NA,NA,NA,NA,NA,NA,NA,NA,NA,NA,NA,NA,NA,NA,NA,NA,NA,NA,NA,1,"пн","Mon"
"2020-03-17 16:21:00",0,0,0,7,"2020-03-17",NA,NA,NA,NA,NA,NA,NA,NA,NA,NA,NA,NA,NA,NA,NA,NA,NA,NA,NA,NA,NA,NA,NA,2,"вт","Tue"
"2020-03-18 14:31:00",0,0,0,7,"2020-03-18",NA,NA,NA,NA,NA,NA,NA,NA,NA,NA,NA,NA,NA,NA,NA,NA,NA,NA,NA,NA,NA,NA,NA,3,"ср","Wed"
"2020-03-19 16:01:00",1,0,0,8,"2020-03-19",NA,NA,NA,NA,NA,NA,NA,NA,NA,NA,NA,NA,NA,NA,NA,NA,NA,NA,NA,NA,NA,NA,NA,4,"чт","Thu"
"2020-03-20 16:00:00",4,0,0,12,"2020-03-20",NA,NA,NA,NA,NA,NA,NA,NA,NA,NA,NA,NA,NA,NA,NA,NA,NA,NA,NA,NA,NA,NA,NA,5,"пт","Fri"
"2020-03-21 16:42:00",2,0,0,14,"2020-03-21",NA,NA,NA,NA,NA,NA,NA,NA,NA,NA,NA,NA,NA,NA,NA,NA,NA,NA,NA,NA,NA,NA,NA,6,"сб","Sat"
"2020-03-22 16:11:00",0,0,0,14,"2020-03-22",NA,NA,NA,NA,NA,NA,NA,NA,NA,NA,NA,NA,NA,NA,NA,NA,NA,NA,NA,NA,NA,NA,NA,7,"вс","Sun"
"2020-03-23 09:11:00",0,0,0,14,"2020-03-23",NA,NA,NA,NA,NA,NA,NA,NA,NA,NA,NA,NA,NA,NA,NA,NA,NA,NA,NA,NA,NA,NA,NA,1,"пн","Mon"
"2020-03-24 14:19:00",5,0,0,19,"2020-03-24",NA,NA,NA,NA,NA,NA,NA,NA,NA,NA,NA,NA,NA,NA,NA,NA,NA,NA,NA,NA,NA,NA,NA,2,"вт","Tue"
"2020-03-25 11:00:00",0,0,0,19,"2020-03-25",NA,NA,NA,NA,NA,NA,NA,NA,NA,NA,NA,NA,NA,NA,NA,NA,NA,NA,NA,NA,NA,NA,NA,3,"ср","Wed"
"2020-03-26 11:00:00",5,3,0,21,"2020-03-26",NA,NA,NA,NA,NA,NA,NA,NA,NA,NA,NA,NA,NA,NA,NA,NA,NA,NA,NA,NA,NA,NA,NA,4,"чт","Thu"
"2020-03-27 11:30:00",0,0,0,21,"2020-03-27",NA,NA,NA,NA,NA,NA,NA,NA,NA,NA,NA,NA,NA,NA,NA,NA,NA,NA,NA,NA,NA,NA,NA,5,"пт","Fri"
"2020-03-28 12:20:00",11,0,0,32,"2020-03-28",NA,NA,NA,NA,NA,NA,NA,NA,NA,NA,NA,NA,NA,NA,NA,NA,NA,NA,NA,NA,NA,NA,NA,6,"сб","Sat"
"2020-03-29 11:20:00",5,0,1,36,"2020-03-29",NA,NA,NA,NA,NA,2263,NA,NA,NA,NA,NA,NA,NA,NA,NA,NA,NA,NA,NA,NA,NA,NA,NA,7,"вс","Sun"
"2020-03-30 12:00:00",8,0,0,44,"2020-03-30",NA,NA,NA,NA,NA,2263,NA,NA,NA,NA,NA,NA,NA,NA,NA,NA,NA,NA,NA,NA,NA,NA,NA,1,"пн","Mon"
"2020-03-31 12:20:00",48,2,1,89,"2020-03-31",NA,NA,NA,NA,NA,3241,NA,NA,NA,NA,NA,NA,NA,NA,NA,NA,NA,NA,NA,NA,NA,NA,NA,2,"вт","Tue"
"2020-04-01 11:15:00",27,0,0,116,"2020-04-01",NA,NA,NA,NA,NA,NA,NA,NA,NA,NA,NA,NA,NA,NA,NA,NA,NA,NA,NA,NA,NA,NA,NA,3,"ср","Wed"
"2020-04-02 11:20:00",22,0,0,138,"2020-04-02",NA,NA,NA,NA,NA,NA,NA,NA,NA,NA,NA,NA,NA,NA,NA,NA,NA,NA,NA,NA,NA,NA,NA,4,"чт","Thu"
"2020-04-03 10:45:00",9,0,0,147,"2020-04-03",NA,NA,NA,NA,17,NA,NA,NA,NA,NA,NA,NA,NA,NA,NA,NA,NA,NA,NA,NA,NA,NA,NA,5,"пт","Fri"
"2020-04-04 11:30:00",15,0,0,162,"2020-04-04",NA,NA,NA,NA,31,NA,NA,NA,NA,NA,NA,NA,NA,NA,NA,NA,NA,NA,NA,NA,NA,NA,NA,6,"сб","Sat"
"2020-04-05 13:40:00",20,0,0,182,"2020-04-05",NA,NA,NA,NA,19,NA,NA,NA,NA,NA,NA,NA,NA,NA,NA,NA,NA,NA,NA,NA,NA,NA,NA,7,"вс","Sun"
"2020-04-06 11:00:00",35,25,0,192,"2020-04-06",NA,NA,NA,NA,17,NA,NA,NA,NA,NA,NA,NA,NA,NA,NA,NA,NA,NA,NA,NA,NA,NA,NA,1,"пн","Mon"
"2020-04-07 10:45:00",69,0,0,261,"2020-04-07",NA,NA,NA,NA,13,6957,NA,NA,NA,NA,NA,NA,NA,NA,NA,NA,NA,NA,NA,NA,NA,NA,NA,2,"вт","Tue"
"2020-04-08 10:45:00",34,0,0,295,"2020-04-08",NA,NA,NA,NA,8,3279,NA,NA,NA,NA,NA,NA,NA,NA,NA,NA,NA,NA,NA,NA,NA,NA,NA,3,"ср","Wed"
"2020-04-09 10:45:00",44,11,2,326,"2020-04-09",NA,NA,NA,NA,39,8811,NA,NA,NA,NA,NA,NA,NA,NA,NA,NA,NA,NA,NA,NA,NA,NA,NA,4,"чт","Thu"
"2020-04-10 10:30:00",35,0,0,361,"2020-04-10",NA,NA,NA,NA,88,6736,NA,NA,NA,NA,NA,NA,NA,NA,NA,NA,NA,NA,NA,NA,NA,NA,NA,5,"пт","Fri"
"2020-04-11 11:15:00",80,31,0,410,"2020-04-11",NA,NA,NA,NA,95,7554,NA,NA,NA,NA,NA,NA,NA,NA,NA,NA,NA,NA,NA,NA,NA,NA,NA,6,"сб","Sat"
"2020-04-12 11:15:00",69,0,0,479,"2020-04-12",NA,NA,NA,NA,701,5589,NA,NA,NA,NA,NA,NA,NA,NA,NA,NA,NA,NA,NA,NA,NA,NA,NA,7,"вс","Sun"
"2020-04-13 10:45:00",121,4,0,596,"2020-04-13",NA,NA,NA,NA,372,1821,NA,NA,NA,NA,NA,NA,NA,NA,NA,NA,NA,NA,NA,NA,NA,NA,NA,1,"пн","Mon"
"2020-04-14 10:30:00",121,0,0,717,"2020-04-14",NA,NA,NA,NA,84,4703,NA,NA,NA,NA,NA,NA,NA,NA,NA,NA,NA,NA,NA,NA,NA,NA,NA,2,"вт","Tue"
"2020-04-15 10:30:00",130,17,1,829,"2020-04-15",NA,NA,NA,NA,279,3844,NA,NA,NA,NA,NA,NA,NA,NA,NA,NA,NA,NA,NA,NA,NA,NA,NA,3,"ср","Wed"
"2020-04-16 10:45:00",154,15,2,966,"2020-04-16",NA,NA,NA,NA,1129,7900,NA,NA,NA,NA,NA,NA,NA,NA,NA,NA,NA,NA,NA,NA,NA,NA,NA,4,"чт","Thu"
"2020-04-17 11:20:00",424,21,0,1369,"2020-04-17",NA,NA,NA,NA,396,9413,NA,NA,NA,NA,NA,NA,NA,NA,NA,NA,NA,NA,NA,NA,NA,NA,NA,5,"пт","Fri"
"2020-04-18 10:30:00",139,101,1,1406,"2020-04-18",NA,NA,NA,NA,371,8763,NA,NA,NA,NA,NA,NA,NA,NA,NA,NA,NA,NA,NA,NA,NA,NA,NA,6,"сб","Sat"
"2020-04-19 11:10:00",114,7,0,1513,"2020-04-19",NA,NA,NA,NA,176,9222,NA,NA,NA,NA,NA,NA,NA,NA,NA,NA,NA,NA,NA,NA,NA,NA,NA,7,"вс","Sun"
"2020-04-20 10:35:00",86,2,0,1597,"2020-04-20",NA,NA,NA,NA,237,4768,NA,NA,NA,NA,NA,NA,NA,NA,NA,NA,NA,NA,NA,NA,NA,NA,NA,1,"пн","Mon"
"2020-04-21 10:35:00",127,39,3,1682,"2020-04-21",NA,NA,NA,NA,494,7209,NA,NA,NA,NA,NA,NA,NA,NA,NA,NA,NA,NA,NA,NA,NA,NA,NA,2,"вт","Tue"
"2020-04-22 10:35:00",294,47,3,1926,"2020-04-22",NA,NA,NA,NA,517,7471,NA,NA,NA,NA,NA,NA,NA,NA,NA,NA,NA,NA,NA,NA,NA,NA,NA,3,"ср","Wed"
"2020-04-23 10:35:00",191,41,3,2073,"2020-04-23",NA,NA,NA,NA,323,8196,NA,NA,NA,NA,NA,NA,NA,NA,NA,NA,NA,NA,NA,NA,NA,NA,NA,4,"чт","Thu"
"2020-04-24 10:35:00",253,43,3,2280,"2020-04-24",NA,NA,NA,NA,616,8778,NA,NA,NA,NA,NA,NA,NA,NA,NA,NA,NA,NA,NA,NA,NA,NA,NA,5,"пт","Fri"
"2020-04-25 13:15:00",215,49,3,2443,"2020-04-25",NA,NA,NA,NA,385,9335,NA,NA,NA,NA,NA,NA,NA,NA,NA,NA,NA,NA,NA,NA,NA,NA,NA,6,"сб","Sat"
"2020-04-26 12:00:00",151,29,4,2561,"2020-04-26",NA,NA,NA,NA,522,8410,NA,NA,NA,NA,NA,NA,NA,NA,NA,NA,NA,NA,NA,NA,NA,NA,NA,7,"вс","Sun"
"2020-04-27 10:50:00",161,0,0,2722,"2020-04-27",NA,NA,NA,NA,NA,5821,NA,NA,NA,NA,NA,NA,NA,NA,NA,NA,NA,NA,NA,NA,NA,NA,NA,1,"пн","Mon"
"2020-04-28 10:50:00",198,55,0,2865,"2020-04-28",NA,NA,NA,NA,446,5000,NA,NA,NA,NA,NA,NA,NA,NA,NA,NA,NA,NA,NA,NA,NA,NA,NA,2,"вт","Tue"
"2020-04-29 10:45:00",290,164,2,2989,"2020-04-29",NA,NA,NA,NA,385,10863,NA,NA,NA,NA,NA,NA,NA,NA,NA,NA,NA,NA,NA,NA,NA,NA,NA,3,"ср","Wed"
"2020-04-30 10:35:00",336,71,0,3254,"2020-04-30",NA,NA,NA,NA,374,12213,NA,NA,NA,NA,NA,NA,NA,NA,NA,NA,NA,NA,NA,NA,NA,NA,NA,4,"чт","Thu"
"2020-05-01 10:35:00",349,0,4,3599,"2020-05-01",NA,NA,NA,NA,344,7362,NA,NA,NA,NA,NA,NA,NA,NA,NA,NA,NA,NA,NA,NA,NA,NA,NA,5,"пт","Fri"
"2020-05-02 11:35:00",323,98,0,3824,"2020-05-02",NA,NA,NA,NA,580,7737,NA,NA,NA,NA,NA,NA,NA,NA,NA,NA,NA,NA,NA,NA,NA,NA,NA,6,"сб","Sat"
"2020-05-03 10:25:00",295,184,1,3934,"2020-05-03",NA,NA,NA,NA,113,5379,NA,NA,NA,NA,NA,NA,NA,NA,NA,NA,NA,NA,NA,1098,4617,353,3266,7,"вс","Sun"
"2020-05-04 10:55:00",317,136,3,4112,"2020-05-04",NA,NA,NA,NA,1038,3104,NA,NA,NA,NA,NA,NA,NA,NA,NA,NA,NA,NA,NA,NA,NA,NA,NA,1,"пн","Mon"
"2020-05-05 10:35:00",226,271,0,4067,"2020-05-05",NA,NA,NA,NA,297,5241,NA,NA,NA,NA,NA,NA,NA,NA,NA,NA,NA,NA,NA,NA,NA,NA,NA,2,"вт","Tue"
"2020-05-06 10:35:00",312,64,3,4312,"2020-05-06",NA,NA,NA,NA,759,4594,NA,NA,NA,NA,NA,NA,NA,NA,NA,NA,NA,NA,NA,NA,NA,NA,NA,3,"ср","Wed"
"2020-05-07 10:45:00",306,20,4,4594,"2020-05-07",NA,NA,NA,NA,544,7241,NA,NA,NA,NA,NA,NA,NA,NA,NA,NA,NA,NA,NA,NA,NA,NA,NA,4,"чт","Thu"
"2020-05-08 10:30:00",375,45,4,4920,"2020-05-08",NA,NA,NA,NA,772,11324,NA,NA,NA,NA,NA,NA,NA,NA,NA,NA,NA,NA,NA,NA,NA,NA,NA,5,"пт","Fri"
"2020-05-09 10:45:00",425,65,5,5275,"2020-05-09",NA,NA,NA,NA,564,12562,NA,NA,NA,NA,NA,NA,NA,NA,NA,NA,NA,NA,NA,NA,NA,NA,NA,6,"сб","Sat"
"2020-05-10 10:40:00",414,12,0,5677,"2020-05-10",NA,NA,NA,NA,694,9182,NA,NA,NA,NA,NA,NA,NA,NA,NA,NA,NA,NA,NA,1209,5686,723,1716,7,"вс","Sun"
"2020-05-11 10:35:00",307,7,3,5974,"2020-05-11",NA,NA,NA,NA,580,2847,NA,NA,NA,NA,NA,NA,NA,NA,NA,NA,NA,NA,NA,NA,NA,NA,NA,1,"пн","Mon"
"2020-05-12 10:35:00",339,103,2,6208,"2020-05-12",NA,NA,NA,NA,578,7572,NA,NA,NA,NA,NA,NA,NA,NA,NA,NA,NA,NA,NA,NA,NA,NA,NA,2,"вт","Tue"
"2020-05-13 10:35:00",435,64,5,6574,"2020-05-13",NA,NA,NA,NA,1056,9146,NA,NA,NA,NA,NA,NA,NA,NA,NA,NA,NA,NA,NA,NA,NA,NA,NA,3,"ср","Wed"
"2020-05-14 10:35:00",460,51,6,6977,"2020-05-14",NA,NA,NA,NA,543,10613,NA,NA,NA,NA,NA,NA,NA,NA,NA,NA,NA,NA,NA,NA,NA,NA,NA,4,"чт","Thu"
"2020-05-15 10:35:00",541,106,5,7407,"2020-05-15",NA,NA,NA,NA,711,11728,NA,NA,NA,NA,NA,NA,NA,NA,NA,NA,NA,NA,NA,NA,NA,NA,NA,5,"пт","Fri"
"2020-05-16 10:35:00",525,104,6,7822,"2020-05-16",NA,NA,NA,NA,581,13827,NA,NA,NA,NA,NA,NA,NA,NA,NA,NA,NA,NA,NA,NA,NA,NA,NA,6,"сб","Sat"
"2020-05-17 10:35:00",451,66,5,8202,"2020-05-17",NA,NA,NA,NA,196,8200,NA,NA,NA,NA,NA,NA,NA,NA,NA,NA,NA,NA,NA,1214.55,5244.59,570.86,2304,7,"вс","Sun"
"2020-05-18 10:35:00",425,34,5,8588,"2020-05-18",NA,NA,NA,NA,903,2792,NA,NA,NA,NA,NA,NA,NA,NA,NA,NA,NA,NA,NA,NA,NA,NA,NA,1,"пн","Mon"
"2020-05-19 10:35:00",453,63,5,8973,"2020-05-19",NA,NA,NA,NA,616,13330,NA,NA,NA,NA,NA,NA,NA,NA,NA,NA,NA,NA,NA,NA,NA,NA,NA,2,"вт","Tue"
"2020-05-20 10:35:00",455,208,4,9216,"2020-05-20",NA,NA,NA,NA,772,11351,NA,NA,NA,NA,NA,NA,NA,NA,NA,NA,NA,NA,NA,NA,NA,NA,NA,3,"ср","Wed"
"2020-05-21 10:35:00",408,181,5,9438,"2020-05-21",NA,NA,NA,NA,1140,13766,NA,NA,NA,NA,NA,NA,NA,NA,NA,NA,NA,NA,NA,NA,NA,NA,NA,4,"чт","Thu"
"2020-05-22 10:35:00",389,198,3,9626,"2020-05-22",NA,NA,NA,NA,366,14407,NA,NA,NA,NA,NA,9028,NA,NA,NA,NA,NA,990,8038,NA,NA,NA,NA,5,"пт","Fri"
"2020-05-23 10:35:00",363,265,6,9718,"2020-05-23",NA,NA,NA,NA,878,14608,NA,NA,NA,NA,NA,NA,NA,NA,NA,NA,NA,NA,NA,NA,NA,NA,NA,6,"сб","Sat"
"2020-05-24 10:35:00",384,328,20,9754,"2020-05-24",NA,NA,NA,NA,696,10365,NA,NA,NA,NA,NA,NA,NA,NA,NA,NA,NA,NA,NA,1613,6990,593,110,7,"вс","Sun"
"2020-05-25 10:35:00",374,138,5,9985,"2020-05-25",NA,NA,NA,NA,545,3312,NA,NA,NA,NA,NA,NA,NA,NA,NA,NA,NA,NA,NA,NA,NA,NA,NA,1,"пн","Mon"
"2020-05-26 10:35:00",363,154,12,10182,"2020-05-26",NA,NA,NA,NA,701,11036,NA,NA,NA,NA,NA,NA,NA,NA,NA,NA,NA,NA,NA,NA,NA,NA,NA,2,"вт","Tue"
"2020-05-27 10:35:00",387,714,8,9847,"2020-05-27",NA,NA,NA,NA,754,12692,NA,NA,NA,NA,NA,NA,NA,NA,NA,NA,NA,NA,NA,NA,NA,NA,NA,3,"ср","Wed"
"2020-05-28 10:35:00",383,325,9,9896,"2020-05-28",NA,NA,NA,NA,190,14293,NA,NA,NA,NA,NA,NA,NA,NA,NA,NA,NA,NA,NA,NA,NA,NA,NA,4,"чт","Thu"
"2020-05-29 10:35:00",369,330,11,9924,"2020-05-29",NA,NA,NA,NA,769,14648,NA,NA,NA,NA,NA,NA,NA,NA,NA,NA,NA,NA,NA,NA,NA,NA,NA,5,"пт","Fri"
"2020-05-30 10:35:00",365,260,13,10016,"2020-05-30",NA,NA,NA,NA,919,13972,NA,NA,NA,NA,NA,NA,NA,NA,NA,NA,NA,NA,NA,NA,NA,NA,NA,6,"сб","Sat"
"2020-05-31 10:35:00",369,307,13,10065,"2020-05-31",NA,NA,NA,NA,744,10124,NA,NA,NA,NA,NA,NA,NA,NA,NA,NA,NA,NA,NA,1723,7120,661,-170,7,"вс","Sun"
"2020-06-01 10:35:00",364,68,9,10352,"2020-06-01",NA,NA,NA,NA,565,4663,NA,NA,NA,NA,NA,11601,NA,NA,NA,NA,NA,1292,10309,NA,NA,NA,NA,1,"пн","Mon"
"2020-06-02 10:35:00",376,260,10,10458,"2020-06-02",NA,NA,NA,NA,744,11352,NA,NA,NA,NA,NA,NA,NA,NA,NA,NA,NA,NA,NA,NA,NA,NA,NA,2,"вт","Tue"
"2020-06-03 10:35:00",380,323,17,10498,"2020-06-03",NA,NA,NA,NA,674,13336,NA,NA,NA,NA,NA,NA,NA,NA,NA,NA,NA,NA,NA,NA,NA,NA,NA,3,"ср","Wed"
"2020-06-04 10:35:00",375,364,24,10485,"2020-06-04",NA,NA,NA,NA,775,15311,NA,NA,NA,NA,NA,NA,NA,NA,NA,NA,NA,NA,NA,NA,NA,NA,NA,4,"чт","Thu"
"2020-06-05 10:35:00",378,381,27,10455,"2020-06-05",NA,NA,NA,NA,655,22397,NA,NA,NA,NA,NA,NA,NA,NA,NA,NA,NA,NA,NA,NA,NA,NA,NA,5,"пт","Fri"
"2020-06-06 10:35:00",347,386,55,10361,"2020-06-06",NA,NA,NA,NA,785,22479,NA,NA,NA,NA,NA,NA,NA,NA,NA,NA,NA,NA,NA,NA,NA,NA,NA,6,"сб","Sat"
"2020-06-07 10:35:00",340,297,31,10373,"2020-06-07",NA,NA,NA,NA,599,18850,NA,NA,NA,NA,NA,NA,NA,NA,NA,NA,NA,NA,NA,1801,7426,889,-252,7,"вс","Sun"
"2020-06-08 10:35:00",326,156,15,10528,"2020-06-08",NA,NA,NA,NA,454,12175,NA,NA,NA,NA,NA,NA,NA,NA,NA,NA,NA,NA,NA,NA,NA,NA,NA,1,"пн","Mon"
"2020-06-09 10:35:00",318,186,41,10619,"2020-06-09",NA,NA,NA,NA,1029,18802,NA,NA,NA,NA,NA,NA,NA,NA,NA,NA,NA,NA,NA,NA,NA,NA,NA,2,"вт","Tue"
"2020-06-10 10:35:00",313,420,49,10463,"2020-06-10",NA,NA,NA,NA,718,21585,NA,NA,NA,NA,NA,NA,NA,NA,NA,NA,NA,NA,NA,NA,NA,NA,NA,3,"ср","Wed"
"2020-06-11 10:35:00",303,343,38,10385,"2020-06-11",NA,NA,NA,NA,612,20592,NA,NA,NA,NA,NA,NA,NA,NA,NA,NA,NA,NA,NA,NA,NA,NA,NA,4,"чт","Thu"
"2020-06-12 10:45:00",274,412,41,10206,"2020-06-12",NA,NA,NA,NA,661,25793,NA,NA,NA,NA,NA,NA,NA,NA,NA,NA,NA,NA,NA,NA,NA,NA,NA,5,"пт","Fri"
"2020-06-13 10:45:00",262,285,8,10175,"2020-06-13",NA,NA,NA,NA,759,21042,NA,NA,NA,NA,NA,NA,NA,NA,NA,NA,NA,NA,NA,NA,NA,NA,NA,6,"сб","Sat"
"2020-06-14 10:45:00",256,116,28,10287,"2020-06-14",NA,NA,NA,NA,519,15405,NA,NA,NA,NA,NA,NA,NA,NA,NA,NA,NA,NA,NA,1867,7459,791,-313,7,"вс","Sun"
"2020-06-15 10:45:00",252,62,38,10439,"2020-06-15",NA,NA,NA,NA,489,13502,NA,NA,NA,NA,NA,NA,NA,NA,NA,NA,NA,NA,NA,NA,NA,NA,NA,1,"пн","Mon"
"2020-06-16 10:30:00",234,232,54,10387,"2020-06-16",NA,NA,NA,NA,693,20284,NA,NA,NA,NA,NA,NA,NA,NA,NA,NA,NA,NA,NA,NA,NA,NA,NA,2,"вт","Tue"
"2020-06-17 10:35:00",228,716,38,9861,"2020-06-17",NA,NA,NA,NA,473,18545,NA,NA,NA,NA,NA,NA,NA,NA,NA,NA,NA,NA,NA,NA,NA,NA,NA,3,"ср","Wed"
"2020-06-18 10:35:00",231,637,29,9426,"2020-06-18",NA,NA,NA,NA,769,23137,NA,NA,NA,NA,NA,NA,NA,NA,NA,NA,NA,NA,NA,NA,NA,NA,NA,4,"чт","Thu"
"2020-06-19 10:30:00",228,847,37,8770,"2020-06-19",NA,NA,NA,NA,569,23428,NA,NA,NA,NA,NA,NA,366,NA,NA,NA,NA,NA,NA,NA,NA,NA,NA,5,"пт","Fri"
"2020-06-20 10:45:00",232,794,21,8187,"2020-06-20",NA,NA,NA,NA,457,22900,NA,NA,NA,NA,NA,NA,NA,NA,NA,NA,NA,NA,NA,NA,NA,NA,NA,6,"сб","Sat"
"2020-06-21 10:45:00",229,498,26,7892,"2020-06-21",NA,NA,NA,NA,414,19974,NA,NA,NA,NA,NA,NA,NA,NA,NA,NA,NA,NA,NA,1639,6631,735,888,7,"вс","Sun"
"2020-06-22 10:30:00",217,184,29,7896,"2020-06-22",NA,NA,NA,NA,189,11637,NA,NA,NA,NA,NA,NA,NA,NA,NA,NA,NA,NA,NA,NA,NA,NA,NA,1,"пн","Mon"
"2020-06-23 10:35:00",220,221,35,7860,"2020-06-23",NA,NA,NA,NA,550,16675,NA,NA,NA,NA,NA,NA,NA,NA,NA,NA,NA,NA,NA,NA,NA,NA,NA,2,"вт","Tue"
"2020-06-24 10:45:00",218,643,38,7397,"2020-06-24",NA,NA,NA,NA,163,17513,NA,NA,NA,NA,NA,NA,NA,NA,NA,NA,NA,NA,NA,NA,NA,NA,NA,3,"ср","Wed"
"2020-06-25 10:30:00",221,589,19,7010,"2020-06-25",NA,NA,NA,NA,358,17364,NA,NA,NA,NA,NA,NA,NA,NA,NA,NA,NA,NA,NA,NA,NA,NA,NA,4,"чт","Thu"
"2020-06-26 10:45:00",223,395,47,6791,"2020-06-26",NA,NA,NA,NA,446,20875,NA,NA,NA,NA,NA,NA,NA,NA,NA,NA,NA,NA,NA,NA,NA,NA,NA,5,"пт","Fri"
"2020-06-27 10:45:00",224,716,57,6242,"2020-06-27",NA,NA,NA,NA,525,21201,NA,NA,NA,NA,NA,NA,NA,NA,NA,NA,NA,NA,NA,NA,NA,NA,NA,6,"сб","Sat"
"2020-06-28 10:45:00",217,598,21,5840,"2020-06-28",NA,NA,NA,NA,358,15911,NA,NA,NA,NA,NA,NA,NA,NA,NA,NA,NA,NA,NA,1500,5474,731,2185,7,"вс","Sun"
"2020-06-29 10:35:00",219,247,19,5793,"2020-06-29",NA,NA,NA,NA,216,10975,NA,NA,NA,NA,NA,NA,NA,NA,NA,NA,NA,NA,NA,NA,NA,NA,NA,1,"пн","Mon"
"2020-06-30 10:30:00",253,254,31,5761,"2020-06-30",NA,NA,NA,NA,375,15857,NA,NA,NA,NA,NA,NA,NA,NA,NA,NA,NA,NA,NA,NA,NA,NA,NA,2,"вт","Tue"
"2020-07-01 10:30:00",262,845,46,5132,"2020-07-01",NA,NA,NA,NA,356,16966,NA,NA,NA,NA,NA,NA,NA,NA,NA,NA,NA,NA,NA,NA,NA,NA,NA,3,"ср","Wed"
"2020-07-02 10:30:00",258,849,45,4496,"2020-07-02",NA,NA,NA,NA,242,16426,NA,NA,NA,NA,NA,NA,NA,NA,NA,NA,NA,NA,NA,NA,NA,NA,NA,4,"чт","Thu"
"2020-07-03 10:35:00",263,491,45,4223,"2020-07-03",NA,NA,NA,NA,298,18221,NA,NA,NA,NA,NA,NA,NA,NA,NA,NA,NA,NA,NA,NA,NA,NA,NA,5,"пт","Fri"
"2020-07-04 10:30:00",271,251,31,4212,"2020-07-04",NA,NA,NA,NA,314,19532,NA,NA,NA,NA,NA,NA,NA,NA,NA,NA,NA,NA,NA,NA,NA,NA,NA,6,"сб","Sat"
"2020-07-05 10:30:00",275,248,42,4197,"2020-07-05",NA,NA,NA,NA,218,17036,NA,NA,NA,NA,NA,NA,NA,NA,NA,NA,NA,NA,NA,1297,4185,565,3843,7,"вс","Sun"
"2020-07-06 10:30:00",280,180,44,4253,"2020-07-06",NA,NA,NA,NA,223,11047,NA,NA,NA,NA,NA,NA,NA,NA,NA,NA,NA,NA,NA,NA,NA,NA,NA,1,"пн","Mon"
"2020-07-07 10:30:00",278,185,48,4298,"2020-07-07",NA,NA,NA,NA,239,13857,NA,NA,NA,NA,NA,NA,NA,NA,NA,NA,NA,NA,NA,NA,NA,NA,NA,2,"вт","Tue"
"2020-07-08 10:30:00",295,193,47,4353,"2020-07-08",NA,NA,NA,NA,250,14737,NA,NA,NA,NA,NA,NA,NA,NA,NA,NA,NA,NA,NA,NA,NA,NA,NA,3,"ср","Wed"
"2020-07-09 10:35:00",292,182,36,4427,"2020-07-09",NA,NA,NA,NA,293,17801,NA,NA,NA,NA,NA,NA,NA,NA,NA,NA,NA,NA,NA,NA,NA,NA,NA,4,"чт","Thu"
"2020-07-10 11:00:00",300,156,21,4550,"2020-07-10",NA,NA,NA,NA,180,19586,NA,NA,NA,NA,NA,NA,NA,NA,NA,NA,NA,NA,NA,NA,NA,NA,NA,5,"пт","Fri"
"2020-07-11 10:35:00",296,181,42,4623,"2020-07-11",NA,NA,NA,NA,237,18709,NA,NA,NA,NA,NA,NA,NA,NA,NA,NA,NA,NA,NA,NA,NA,NA,NA,6,"сб","Sat"
"2020-07-12 10:45:00",293,162,20,4734,"2020-07-12",NA,NA,NA,NA,240,14856,NA,NA,NA,NA,NA,NA,NA,NA,NA,NA,NA,NA,NA,1136,2897,471,5386,7,"вс","Sun"
"2020-07-13 10:45:00",291,152,23,4850,"2020-07-13",NA,NA,NA,NA,127,9621,NA,NA,NA,NA,NA,NA,NA,NA,NA,NA,NA,NA,NA,NA,NA,NA,NA,1,"пн","Mon"
"2020-07-14 10:30:00",281,194,31,4906,"2020-07-14",NA,NA,NA,NA,236,13195,NA,NA,NA,NA,NA,NA,NA,NA,NA,NA,NA,NA,NA,NA,NA,NA,NA,2,"вт","Tue"
"2020-07-15 10:45:00",264,167,19,4984,"2020-07-15",NA,NA,NA,NA,152,15676,NA,NA,NA,NA,NA,NA,NA,NA,NA,NA,NA,NA,NA,NA,NA,NA,NA,3,"ср","Wed"
"2020-07-16 10:30:00",256,149,22,5069,"2020-07-16",NA,NA,NA,NA,218,14581,NA,NA,NA,NA,NA,NA,NA,NA,NA,NA,NA,NA,NA,NA,NA,NA,NA,4,"чт","Thu"
"2020-07-17 10:30:00",244,156,30,5127,"2020-07-17",NA,NA,NA,NA,212,17019,NA,NA,NA,NA,NA,NA,NA,NA,NA,NA,NA,NA,NA,NA,NA,NA,NA,5,"пт","Fri"
"2020-07-18 10:30:00",238,161,27,5177,"2020-07-18",NA,NA,NA,NA,258,15719,NA,NA,NA,NA,NA,NA,NA,NA,NA,NA,NA,NA,NA,NA,NA,NA,NA,6,"сб","Sat"
"2020-07-19 10:45:00",202,101,26,5252,"2020-07-19",NA,NA,NA,NA,238,13272,NA,NA,NA,NA,NA,NA,NA,NA,NA,NA,NA,NA,NA,852,2196,380,6462,7,"вс","Sun"
"2020-07-20 11:00:00",195,112,26,5309,"2020-07-20",NA,NA,NA,NA,168,8646,NA,NA,NA,NA,NA,NA,NA,NA,NA,NA,NA,NA,NA,NA,NA,NA,NA,1,"пн","Mon"
"2020-07-21 10:45:00",189,93,27,5378,"2020-07-21",NA,NA,NA,NA,204,14391,NA,NA,NA,NA,NA,NA,NA,NA,NA,NA,NA,NA,NA,NA,NA,NA,NA,2,"вт","Tue"
"2020-07-22 10:30:00",186,95,28,5441,"2020-07-22",NA,NA,NA,NA,280,14962,NA,NA,NA,NA,NA,NA,NA,NA,NA,NA,NA,NA,NA,NA,NA,NA,NA,3,"ср","Wed"
"2020-07-23 10:00:00",184,101,19,5505,"2020-07-23",NA,NA,NA,NA,256,18348,NA,NA,NA,NA,NA,NA,NA,NA,NA,NA,NA,NA,NA,NA,NA,NA,NA,4,"чт","Thu"
"2020-07-24 10:45:00",181,93,27,5566,"2020-07-24",NA,NA,NA,NA,186,17016,NA,NA,NA,NA,NA,NA,NA,NA,NA,NA,NA,NA,NA,NA,NA,NA,NA,5,"пт","Fri"
"2020-07-25 10:30:00",179,82,28,5635,"2020-07-25",NA,NA,NA,NA,216,16894,NA,NA,NA,NA,NA,NA,NA,NA,NA,NA,NA,NA,NA,NA,NA,NA,NA,6,"сб","Sat"
"2020-07-26 10:30:00",175,79,9,5722,"2020-07-26",NA,NA,NA,NA,172,13211,NA,NA,NA,NA,NA,NA,NA,NA,NA,NA,NA,NA,NA,660,1924,323,5383,7,"вс","Sun"
"2020-07-27 10:30:00",172,75,10,5809,"2020-07-27",NA,NA,NA,NA,135,9770,NA,NA,NA,NA,NA,NA,NA,NA,NA,NA,NA,NA,NA,NA,NA,NA,NA,1,"пн","Mon"
"2020-07-28 10:30:00",168,81,23,5873,"2020-07-28",NA,NA,NA,NA,NA,10801,NA,NA,NA,NA,NA,NA,NA,NA,NA,NA,NA,NA,NA,NA,NA,NA,NA,2,"вт","Tue"
"2020-07-29 10:45:00",165,75,23,5940,"2020-07-29",NA,NA,NA,NA,205,12971,NA,NA,NA,NA,NA,NA,NA,NA,NA,NA,NA,NA,NA,NA,NA,NA,NA,3,"ср","Wed"
"2020-07-30 10:30:00",162,93,22,5987,"2020-07-30",NA,NA,NA,NA,219,15357,NA,NA,NA,NA,NA,NA,NA,NA,NA,NA,NA,NA,NA,NA,NA,NA,NA,4,"чт","Thu"
"2020-07-31 10:30:00",159,78,20,6048,"2020-07-31",NA,NA,NA,NA,194,17047,NA,NA,NA,NA,NA,NA,NA,NA,NA,NA,NA,NA,NA,NA,NA,NA,NA,5,"пт","Fri"
"2020-08-01 10:30:00",161,96,9,6104,"2020-08-01",NA,NA,NA,NA,225,19541,NA,NA,NA,NA,NA,NA,NA,NA,NA,NA,NA,NA,NA,NA,NA,NA,NA,6,"сб","Sat"
"2020-08-02 10:30:00",163,86,4,6177,"2020-08-02",NA,NA,NA,NA,153,14461,NA,NA,NA,NA,NA,NA,NA,NA,NA,NA,NA,NA,NA,646,1798,333,2716,7,"вс","Sun"
"2020-08-03 10:50:00",160,75,6,6256,"2020-08-03",NA,NA,NA,NA,125,9244,NA,NA,NA,NA,NA,NA,NA,NA,NA,NA,NA,NA,NA,NA,NA,NA,NA,1,"пн","Mon"
"2020-08-04 10:30:00",158,85,22,6307,"2020-08-04",NA,NA,NA,NA,233,9814,NA,NA,NA,NA,NA,NA,NA,NA,NA,NA,NA,NA,NA,NA,NA,NA,NA,2,"вт","Tue"
"2020-08-05 10:45:00",156,37,18,6408,"2020-08-05",NA,NA,NA,NA,214,14460,NA,NA,NA,NA,NA,NA,NA,NA,NA,NA,NA,NA,NA,NA,NA,NA,NA,3,"ср","Wed"
"2020-08-06 10:45:00",159,84,16,6467,"2020-08-06",NA,NA,NA,NA,224,18133,NA,NA,NA,NA,NA,NA,NA,NA,NA,NA,NA,NA,NA,NA,NA,NA,NA,4,"чт","Thu"
"2020-08-07 10:40:00",157,93,18,6513,"2020-08-07",NA,NA,NA,NA,205,18053,NA,NA,NA,NA,NA,NA,NA,NA,NA,NA,NA,NA,NA,NA,NA,NA,NA,5,"пт","Fri"
"2020-08-08 10:40:00",155,83,10,6575,"2020-08-08",NA,NA,NA,NA,242,17178,NA,NA,NA,NA,NA,NA,NA,NA,NA,NA,NA,NA,NA,NA,NA,NA,NA,6,"сб","Sat"
"2020-08-09 10:30:00",160,33,3,6699,"2020-08-09",NA,NA,NA,NA,124,13698,NA,NA,NA,NA,NA,NA,NA,NA,NA,NA,NA,NA,NA,631,1657,320,1664,7,"вс","Sun"
"2020-08-10 10:30:00",157,45,7,6804,"2020-08-10",NA,NA,NA,NA,77,8963,NA,NA,NA,NA,NA,NA,NA,NA,NA,NA,NA,NA,NA,NA,NA,NA,NA,1,"пн","Mon"
"2020-08-11 10:30:00",157,78,20,6863,"2020-08-11",NA,NA,NA,NA,246,12050,NA,NA,NA,NA,NA,NA,NA,NA,NA,NA,NA,NA,NA,NA,NA,NA,NA,2,"вт","Tue"
"2020-08-12 10:30:00",161,93,12,6919,"2020-08-12",NA,NA,NA,NA,208,14647,NA,NA,NA,NA,NA,NA,NA,NA,NA,NA,NA,NA,NA,NA,NA,NA,NA,3,"ср","Wed"
"2020-08-13 10:30:00",160,96,15,6968,"2020-08-13",NA,NA,NA,NA,186,17307,NA,NA,NA,NA,NA,NA,NA,NA,NA,NA,NA,NA,NA,NA,NA,NA,NA,4,"чт","Thu"
"2020-08-14 10:30:00",159,72,22,7033,"2020-08-14",NA,NA,NA,NA,226,17097,NA,NA,NA,NA,NA,NA,NA,NA,NA,NA,NA,NA,NA,NA,NA,NA,NA,5,"пт","Fri"
"2020-08-15 10:30:00",162,76,20,7099,"2020-08-15",NA,NA,NA,NA,225,19324,NA,NA,NA,NA,NA,NA,NA,NA,NA,NA,NA,NA,NA,NA,NA,NA,NA,6,"сб","Sat"
"2020-08-16 10:30:00",163,53,10,7199,"2020-08-16",NA,NA,NA,NA,161,15918,NA,NA,NA,NA,NA,NA,NA,NA,NA,NA,NA,NA,NA,652,1748,346,1526,7,"вс","Sun"
"2020-08-17 10:30:00",159,69,2,7287,"2020-08-17",NA,NA,NA,NA,131,8027,NA,NA,NA,NA,NA,NA,NA,NA,NA,NA,NA,NA,NA,NA,NA,NA,NA,1,"пн","Mon"
"2020-08-18 10:30:00",157,83,19,7342,"2020-08-18",NA,NA,NA,NA,186,13453,NA,NA,NA,NA,NA,NA,NA,NA,NA,NA,NA,NA,NA,NA,NA,NA,NA,2,"вт","Tue"
"2020-08-19 10:30:00",162,86,17,7401,"2020-08-19",NA,NA,NA,NA,181,16941,NA,NA,NA,NA,NA,NA,NA,NA,NA,NA,NA,NA,NA,NA,NA,NA,NA,3,"ср","Wed"
"2020-08-20 10:30:00",160,83,15,7463,"2020-08-20",NA,NA,NA,NA,240,20436,NA,NA,NA,NA,NA,NA,NA,NA,NA,NA,NA,NA,NA,NA,NA,NA,NA,4,"чт","Thu"
"2020-08-21 10:30:00",181,101,6,7537,"2020-08-21",NA,NA,NA,NA,164,20599,NA,NA,NA,NA,NA,NA,NA,NA,NA,NA,NA,NA,NA,NA,NA,NA,NA,5,"пт","Fri"
"2020-08-22 10:45:00",183,110,18,7592,"2020-08-22",NA,NA,NA,NA,201,20648,NA,NA,NA,NA,NA,NA,NA,NA,NA,NA,NA,NA,NA,NA,NA,NA,NA,6,"сб","Sat"
"2020-08-23 10:45:00",180,63,10,7699,"2020-08-23",NA,NA,NA,NA,115,15681,NA,NA,NA,NA,NA,NA,NA,NA,NA,NA,NA,NA,NA,667,1761,226,1618,7,"вс","Sun"
"2020-08-24 10:30:00",182,65,0,7816,"2020-08-24",NA,NA,NA,NA,109,10863,NA,NA,NA,NA,NA,NA,NA,NA,NA,NA,NA,NA,NA,NA,NA,NA,NA,1,"пн","Mon"
"2020-08-25 10:40:00",179,89,15,7891,"2020-08-25",NA,NA,NA,NA,182,15711,NA,NA,NA,NA,NA,NA,NA,NA,NA,NA,NA,NA,NA,NA,NA,NA,NA,2,"вт","Tue"
"2020-08-26 10:30:00",181,75,18,7979,"2020-08-26",NA,NA,NA,NA,217,18795,NA,NA,NA,NA,NA,NA,NA,NA,NA,NA,NA,NA,NA,NA,NA,NA,NA,3,"ср","Wed"
"2020-08-27 10:30:00",184,65,17,8081,"2020-08-27",NA,NA,NA,NA,173,21334,NA,NA,NA,NA,NA,NA,NA,NA,NA,NA,NA,NA,NA,NA,NA,NA,NA,4,"чт","Thu"
"2020-08-28 10:30:00",187,86,9,8173,"2020-08-28",NA,NA,NA,NA,172,21767,NA,NA,NA,NA,NA,NA,NA,NA,NA,NA,NA,NA,NA,NA,NA,NA,NA,5,"пт","Fri"
"2020-08-29 10:40:00",189,95,15,8252,"2020-08-29",NA,NA,NA,NA,138,21837,NA,NA,NA,NA,NA,NA,NA,NA,NA,NA,NA,NA,NA,NA,NA,NA,NA,6,"сб","Sat"
"2020-08-30 10:40:00",186,68,5,8365,"2020-08-30",NA,NA,NA,NA,128,18093,NA,NA,NA,NA,NA,NA,NA,NA,NA,NA,NA,NA,NA,661,1645,222,1744,7,"вс","Sun"
"2020-08-31 10:30:00",188,96,0,8457,"2020-08-31",NA,NA,NA,NA,84,10203,NA,NA,NA,NA,NA,NA,NA,NA,NA,NA,NA,NA,NA,NA,NA,NA,NA,1,"пн","Mon"
"2020-09-01 10:30:00",185,86,19,8537,"2020-09-01",NA,NA,NA,NA,215,16953,NA,NA,NA,NA,NA,NA,NA,NA,NA,NA,NA,NA,NA,NA,NA,NA,NA,2,"вт","Tue"
"2020-09-02 10:30:00",189,106,21,8599,"2020-09-02",NA,NA,NA,NA,205,19467,NA,NA,NA,NA,NA,NA,NA,NA,NA,NA,NA,NA,NA,NA,NA,NA,NA,3,"ср","Wed"
"2020-09-03 10:30:00",191,112,22,8656,"2020-09-03",NA,NA,NA,NA,201,21351,NA,NA,NA,NA,NA,NA,NA,NA,NA,NA,NA,NA,NA,NA,NA,NA,NA,4,"чт","Thu"
"2020-09-04 10:30:00",193,101,20,8728,"2020-09-04",NA,NA,NA,NA,180,22715,NA,NA,NA,NA,NA,NA,NA,NA,NA,NA,NA,NA,NA,NA,NA,NA,NA,5,"пт","Fri"
"2020-09-05 10:30:00",195,96,19,8808,"2020-09-05",NA,NA,NA,NA,245,22276,NA,NA,NA,NA,NA,NA,NA,NA,NA,NA,NA,NA,NA,NA,NA,NA,NA,6,"сб","Sat"
"2020-09-06 10:30:00",192,75,10,8915,"2020-09-06",NA,NA,NA,NA,160,17891,NA,NA,NA,NA,NA,NA,NA,NA,NA,NA,NA,NA,NA,701,1809,186,1326,7,"вс","Sun"
"2020-09-07 10:30:00",196,65,0,9046,"2020-09-07",NA,NA,NA,NA,129,12995,NA,NA,NA,NA,NA,NA,NA,NA,NA,NA,NA,NA,NA,NA,NA,NA,NA,1,"пн","Mon"
"2020-09-08 10:30:00",210,123,20,9113,"2020-09-08",NA,NA,NA,NA,237,15431,NA,NA,NA,NA,NA,NA,NA,NA,NA,NA,NA,NA,NA,NA,NA,NA,NA,2,"вт","Tue"
"2020-09-09 10:30:00",218,111,22,9198,"2020-09-09",NA,NA,NA,NA,243,18785,NA,NA,NA,NA,NA,3516,NA,NA,NA,NA,NA,840,2676,NA,NA,NA,NA,3,"ср","Wed"
"2020-09-10 10:30:00",215,112,16,9285,"2020-09-10",NA,NA,NA,NA,200,23722,NA,NA,NA,NA,NA,NA,NA,NA,NA,NA,NA,NA,NA,NA,NA,NA,NA,4,"чт","Thu"
"2020-09-11 10:30:00",216,105,17,9379,"2020-09-11",NA,NA,NA,NA,231,23789,NA,NA,NA,NA,NA,NA,NA,NA,NA,NA,NA,NA,NA,NA,NA,NA,NA,5,"пт","Fri"
"2020-09-12 10:30:00",203,105,23,9454,"2020-09-12",NA,NA,NA,NA,233,23796,NA,NA,NA,NA,NA,NA,NA,NA,NA,NA,NA,NA,NA,NA,NA,NA,NA,6,"сб","Sat"
"2020-09-13 10:40:00",206,104,20,9536,"2020-09-13",NA,NA,NA,NA,185,18522,NA,NA,NA,NA,NA,NA,NA,NA,NA,NA,NA,NA,NA,720,1974,184,1144,7,"вс","Sun"
"2020-09-14 11:40:00",199,100,0,9635,"2020-09-14",NA,NA,NA,NA,157,11050,NA,NA,NA,NA,NA,NA,NA,NA,NA,NA,NA,NA,NA,NA,NA,NA,NA,1,"пн","Mon"
"2020-09-15 10:40:00",206,104,26,9711,"2020-09-15",NA,NA,NA,NA,180,17981,NA,NA,NA,NA,NA,NA,NA,NA,NA,NA,NA,NA,NA,NA,NA,NA,NA,2,"вт","Tue"
"2020-09-16 10:30:00",207,105,25,9788,"2020-09-16",NA,NA,NA,NA,269,23625,NA,NA,NA,NA,NA,3653,NA,NA,NA,NA,NA,550,3103,NA,NA,NA,NA,3,"ср","Wed"
"2020-09-17 10:30:00",211,107,24,9868,"2020-09-17",NA,NA,NA,NA,257,24078,NA,NA,NA,NA,NA,NA,NA,NA,NA,NA,NA,NA,NA,NA,NA,NA,NA,4,"чт","Thu"
"2020-09-18 10:30:00",206,104,19,9951,"2020-09-18",NA,NA,NA,NA,213,23994,NA,NA,NA,NA,NA,NA,NA,NA,NA,NA,NA,NA,NA,NA,NA,NA,NA,5,"пт","Fri"
"2020-09-19 10:30:00",212,107,18,10038,"2020-09-19",NA,NA,NA,NA,281,24634,NA,NA,NA,NA,NA,NA,NA,NA,NA,NA,NA,NA,NA,NA,NA,NA,NA,6,"сб","Sat"
"2020-09-20 10:30:00",214,108,15,10129,"2020-09-20",NA,NA,NA,NA,207,19225,NA,NA,NA,NA,NA,NA,NA,NA,NA,NA,NA,NA,NA,789,2214,207,932,7,"вс","Sun"
"2020-09-21 10:30:00",209,105,0,10233,"2020-09-21",NA,NA,NA,NA,176,12301,NA,NA,NA,NA,NA,NA,NA,NA,NA,NA,NA,NA,NA,NA,NA,NA,NA,1,"пн","Mon"
"2020-09-22 10:30:00",211,106,25,10313,"2020-09-22",NA,NA,NA,NA,287,18137,NA,NA,NA,NA,NA,NA,NA,NA,NA,NA,NA,NA,NA,NA,NA,NA,NA,2,"вт","Tue"
"2020-09-23 10:30:00",208,105,15,10401,"2020-09-23",NA,NA,NA,NA,299,23060,NA,NA,NA,NA,NA,4076,NA,NA,NA,NA,NA,849,3227,NA,NA,NA,NA,3,"ср","Wed"
"2020-09-24 10:30:00",215,110,22,10484,"2020-09-24",NA,NA,NA,NA,262,25701,NA,NA,NA,NA,NA,NA,NA,NA,NA,NA,NA,NA,NA,NA,NA,NA,NA,4,"чт","Thu"
"2020-09-25 10:40:00",224,210,19,10479,"2020-09-25",NA,NA,NA,NA,303,28252,NA,NA,NA,NA,NA,NA,NA,NA,NA,NA,NA,NA,NA,NA,NA,NA,NA,5,"пт","Fri"
"2020-09-26 12:00:00",232,116,27,10568,"2020-09-26",NA,NA,NA,NA,292,26201,NA,NA,NA,NA,NA,NA,NA,NA,NA,NA,NA,NA,NA,NA,NA,NA,NA,6,"сб","Sat"
"2020-09-27 10:40:00",227,114,9,10672,"2020-09-27",NA,NA,NA,NA,232,22048,NA,NA,NA,NA,NA,NA,NA,NA,NA,NA,NA,NA,NA,814,2566,216,-192,7,"вс","Sun"
"2020-09-28 10:30:00",237,119,0,10790,"2020-09-28",NA,NA,NA,NA,232,15646,NA,NA,NA,NA,NA,4076,NA,NA,NA,NA,NA,608,3468,NA,NA,NA,NA,1,"пн","Mon"
"2020-09-29 11:10:00",251,126,30,10885,"2020-09-29",NA,NA,NA,NA,308,24390,NA,NA,NA,NA,NA,NA,NA,NA,NA,NA,NA,NA,NA,NA,NA,NA,NA,2,"вт","Tue"
"2020-09-30 10:30:00",276,138,26,10997,"2020-09-30",NA,NA,NA,NA,356,26652,NA,NA,NA,NA,NA,4076,NA,NA,NA,NA,NA,536,3540,NA,NA,NA,NA,3,"ср","Wed"
"2020-10-01 11:20:00",285,143,22,11117,"2020-10-01",NA,NA,NA,NA,330,29205,NA,NA,NA,NA,NA,NA,NA,NA,NA,NA,NA,NA,NA,NA,NA,NA,NA,4,"чт","Thu"
"2020-10-02 10:50:00",302,151,32,11236,"2020-10-02",NA,NA,NA,NA,353,30687,NA,NA,NA,NA,NA,NA,NA,NA,NA,NA,NA,NA,NA,NA,NA,NA,NA,5,"пт","Fri"
"2020-10-03 10:50:00",358,179,30,11385,"2020-10-03",NA,NA,NA,NA,398,28781,NA,NA,NA,NA,NA,4640,NA,NA,NA,NA,NA,844,3796,NA,NA,NA,NA,6,"сб","Sat"
"2020-10-04 10:40:00",392,196,25,11556,"2020-10-04",NA,NA,NA,NA,258,21004,NA,NA,NA,NA,NA,NA,NA,NA,NA,NA,NA,NA,NA,927,2866,200,81,7,"вс","Sun"
"2020-10-05 10:30:00",407,204,14,11745,"2020-10-05",NA,NA,NA,NA,217,13686,NA,NA,NA,NA,NA,NA,NA,NA,NA,NA,NA,NA,NA,NA,NA,NA,NA,1,"пн","Mon"
"2020-10-06 10:30:00",411,206,34,11916,"2020-10-06",NA,NA,NA,NA,375,24161,NA,NA,NA,NA,NA,NA,NA,NA,NA,NA,NA,NA,NA,NA,NA,NA,NA,2,"вт","Tue"
"2020-10-07 10:30:00",456,228,30,12114,"2020-10-07",NA,NA,NA,NA,432,28993,NA,NA,NA,NA,NA,4930,NA,NA,NA,NA,NA,858,4072,NA,NA,NA,NA,3,"ср","Wed"
"2020-10-08 10:30:00",461,231,25,12319,"2020-10-08",NA,NA,NA,NA,358,29488,NA,NA,NA,NA,NA,NA,NA,NA,NA,NA,NA,NA,NA,NA,NA,NA,NA,4,"чт","Thu"
"2020-10-09 10:40:00",469,235,22,12531,"2020-10-09",NA,NA,NA,NA,386,30236,NA,NA,NA,NA,NA,NA,NA,NA,NA,NA,NA,NA,NA,NA,NA,NA,NA,5,"пт","Fri"
"2020-10-10 10:40:00",501,251,36,12745,"2020-10-10",NA,NA,NA,NA,404,29670,NA,NA,NA,NA,NA,NA,NA,NA,NA,NA,NA,NA,NA,NA,NA,NA,NA,6,"сб","Sat"
"2020-10-11 11:50:00",528,264,21,12988,"2020-10-11",NA,NA,NA,NA,410,24153,NA,NA,NA,NA,NA,NA,NA,NA,NA,NA,NA,NA,NA,1192,3088,213,-59,7,"вс","Sun"
"2020-10-12 10:30:00",538,269,0,13257,"2020-10-12",NA,NA,NA,NA,244,15216,NA,NA,NA,NA,NA,NA,NA,NA,NA,NA,NA,NA,NA,NA,NA,NA,NA,1,"пн","Mon"
"2020-10-13 10:40:00",557,278,34,13502,"2020-10-13",NA,NA,NA,NA,269,26931,NA,NA,NA,NA,NA,NA,NA,NA,NA,NA,NA,NA,NA,NA,NA,NA,NA,2,"вт","Tue"
"2020-10-14 11:30:00",602,300,30,13774,"2020-10-14",NA,NA,NA,NA,501,34287,NA,NA,NA,NA,NA,NA,NA,NA,NA,NA,NA,NA,NA,NA,NA,NA,NA,3,"ср","Wed"
"2020-10-15 10:30:00",638,319,46,14047,"2020-10-15",NA,NA,NA,NA,388,35207,NA,NA,NA,NA,NA,NA,NA,NA,NA,NA,NA,NA,NA,NA,NA,NA,NA,4,"чт","Thu"
"2020-10-16 10:30:00",647,322,25,14347,"2020-10-16",NA,NA,NA,NA,430,30944,NA,NA,NA,NA,NA,NA,NA,NA,NA,NA,NA,NA,NA,NA,NA,NA,NA,5,"пт","Fri"
"2020-10-17 10:40:00",659,330,31,14645,"2020-10-17",NA,NA,NA,NA,417,32736,NA,NA,NA,NA,NA,5815,NA,NA,NA,NA,NA,941,4874,NA,NA,NA,NA,6,"сб","Sat"
"2020-10-18 10:30:00",674,337,15,14967,"2020-10-18",NA,NA,NA,NA,454,27633,NA,NA,NA,NA,NA,NA,NA,NA,NA,NA,NA,NA,NA,1272,3840,283,134,7,"вс","Sun"
"2020-10-19 10:45:00",686,340,0,15313,"2020-10-19",NA,NA,NA,NA,332,25742,NA,NA,NA,NA,NA,NA,NA,NA,NA,NA,NA,NA,NA,NA,NA,NA,NA,1,"пн","Mon"
"2020-10-20 13:30:00",695,348,38,15622,"2020-10-20",NA,NA,NA,NA,316,32259,NA,NA,NA,NA,NA,NA,NA,NA,NA,NA,NA,NA,NA,NA,NA,NA,NA,2,"вт","Tue"
"2020-10-21 10:30:00",684,343,49,15914,"2020-10-21",NA,NA,NA,NA,564,30195,NA,NA,NA,NA,NA,NA,NA,NA,NA,NA,NA,NA,NA,NA,NA,NA,NA,3,"ср","Wed"
"2020-10-22 10:40:00",697,349,24,16238,"2020-10-22",NA,NA,NA,NA,473,33986,NA,NA,NA,NA,NA,6240,NA,NA,NA,NA,NA,949,5291,NA,NA,NA,NA,4,"чт","Thu"
"2020-10-23 10:40:00",710,355,32,16561,"2020-10-23",NA,NA,NA,NA,475,40898,NA,NA,NA,NA,NA,NA,NA,NA,NA,NA,NA,NA,NA,NA,NA,NA,NA,5,"пт","Fri"
"2020-10-24 10:30:00",713,401,37,16836,"2020-10-24",NA,NA,NA,NA,483,37748,NA,NA,NA,NA,NA,NA,NA,NA,NA,NA,NA,NA,NA,NA,NA,NA,NA,6,"сб","Sat"
"2020-10-25 10:30:00",709,387,25,17133,"2020-10-25",NA,NA,NA,NA,546,30074,NA,NA,NA,NA,NA,NA,NA,NA,NA,NA,NA,NA,NA,1139,4502,471,315,7,"вс","Sun"
"2020-10-26 10:40:00",715,390,0,17458,"2020-10-26",NA,NA,NA,NA,395,21663,NA,NA,NA,NA,NA,NA,NA,NA,NA,NA,NA,NA,NA,NA,NA,NA,NA,1,"пн","Mon"
"2020-10-27 10:40:00",721,403,47,17729,"2020-10-27",NA,NA,NA,NA,354,33424,NA,NA,NA,NA,NA,NA,NA,NA,NA,NA,NA,NA,NA,NA,NA,NA,NA,2,"вт","Tue"
"2020-10-28 10:40:00",727,415,57,17984,"2020-10-28",NA,NA,NA,NA,642,38326,NA,NA,NA,NA,NA,NA,NA,NA,NA,NA,NA,NA,NA,NA,NA,NA,NA,3,"ср","Wed"
"2020-10-29 11:40:00",758,424,34,18284,"2020-10-29",NA,NA,NA,NA,625,38424,NA,NA,NA,NA,NA,NA,NA,NA,NA,NA,NA,NA,NA,NA,NA,NA,NA,4,"чт","Thu"
"2020-10-30 10:40:00",801,417,36,18632,"2020-10-30",NA,NA,NA,NA,620,36176,NA,NA,NA,NA,NA,7713,NA,NA,NA,NA,NA,1625,6088,NA,NA,NA,NA,5,"пт","Fri"
"2020-10-31 10:40:00",854,441,42,19003,"2020-10-31",NA,NA,NA,NA,618,37870,NA,NA,NA,NA,NA,NA,NA,NA,NA,NA,NA,NA,NA,NA,NA,NA,NA,6,"сб","Sat"
"2020-11-01 10:40:00",896,457,29,19413,"2020-11-01",NA,NA,NA,NA,639,33949,NA,NA,NA,NA,NA,NA,NA,NA,NA,NA,NA,NA,NA,1142,4799,486,1000,7,"вс","Sun"
"2020-11-02 10:50:00",923,449,1,19886,"2020-11-02",NA,NA,NA,NA,451,21507,NA,NA,NA,NA,NA,NA,NA,NA,NA,NA,NA,NA,NA,NA,NA,NA,NA,1,"пн","Mon"
"2020-11-03 10:40:00",944,484,59,20287,"2020-11-03",NA,NA,NA,NA,487,30663,NA,NA,NA,NA,NA,7913,NA,NA,NA,NA,NA,1475,6438,NA,NA,NA,NA,2,"вт","Tue"
"2020-11-04 10:40:00",1031,527,66,20725,"2020-11-04",NA,NA,NA,NA,707,36323,NA,NA,NA,NA,NA,NA,NA,NA,NA,NA,NA,NA,NA,NA,NA,NA,NA,3,"ср","Wed"
"2020-11-05 10:40:00",1093,523,26,21269,"2020-11-05",NA,NA,NA,NA,658,34319,NA,NA,NA,NA,NA,8653,NA,NA,NA,NA,NA,803,7850,NA,NA,NA,NA,4,"чт","Thu"
"2020-11-06 11:00:00",1171,563,54,21823,"2020-11-06",NA,NA,NA,NA,682,44536,NA,NA,NA,NA,NA,NA,NA,NA,NA,NA,NA,NA,NA,NA,NA,NA,NA,5,"пт","Fri"
"2020-11-07 10:40:00",1258,651,53,22377,"2020-11-07",NA,NA,NA,NA,807,40210,NA,NA,NA,NA,NA,NA,NA,NA,NA,NA,NA,NA,NA,NA,NA,NA,NA,6,"сб","Sat"
"2020-11-08 10:50:00",1331,605,31,23072,"2020-11-08",NA,NA,NA,NA,806,34233,NA,NA,NA,NA,NA,NA,NA,NA,NA,NA,NA,NA,NA,1628,6379,570,-642,7,"вс","Sun"
"2020-11-09 10:50:00",1403,712,19,23744,"2020-11-09",NA,NA,NA,NA,652,25651,NA,NA,NA,NA,NA,NA,NA,NA,NA,NA,NA,NA,NA,NA,NA,NA,NA,1,"пн","Mon"
"2020-11-10 11:10:00",1485,751,62,24416,"2020-11-10",NA,NA,NA,NA,556,32887,NA,NA,NA,NA,NA,NA,NA,NA,NA,NA,NA,NA,NA,NA,NA,NA,NA,2,"вт","Tue"
"2020-11-11 11:00:00",1574,780,74,25136,"2020-11-11",NA,NA,NA,NA,769,34561,NA,NA,NA,NA,NA,9613,NA,NA,NA,NA,NA,605,9008,NA,NA,NA,NA,3,"ср","Wed"
"2020-11-12 10:40:00",1667,839,68,25896,"2020-11-12",NA,NA,NA,NA,790,39930,NA,NA,NA,NA,NA,NA,NA,NA,NA,NA,NA,NA,NA,NA,NA,NA,NA,4,"чт","Thu"
"2020-11-13 10:50:00",1756,912,61,26679,"2020-11-13",NA,NA,NA,NA,854,40187,NA,NA,NA,NA,NA,NA,NA,NA,NA,NA,NA,NA,NA,NA,NA,NA,NA,5,"пт","Fri"
"2020-11-14 11:00:00",1852,943,64,27524,"2020-11-14",NA,NA,NA,NA,840,41645,NA,NA,NA,NA,NA,NA,NA,NA,NA,NA,NA,NA,NA,NA,NA,NA,NA,6,"сб","Sat"
"2020-11-15 11:00:00",1944,937,41,28490,"2020-11-15",NA,NA,NA,NA,823,36069,NA,NA,NA,NA,NA,NA,NA,NA,NA,NA,NA,NA,NA,1725,6920,833,768,7,"вс","Sun"
"2020-11-16 10:40:00",2039,1070,0,29459,"2020-11-16",NA,NA,NA,NA,570,24718,NA,NA,NA,NA,NA,NA,NA,NA,NA,NA,NA,NA,NA,NA,NA,NA,NA,1,"пн","Mon"
"2020-11-17 10:30:00",2130,1098,69,30422,"2020-11-17",NA,NA,NA,NA,520,36097,NA,NA,NA,NA,NA,NA,NA,NA,NA,NA,NA,NA,NA,NA,NA,NA,NA,2,"вт","Tue"
"2020-11-18 11:20:00",2215,1168,71,31398,"2020-11-18",NA,NA,NA,NA,825,34144,NA,NA,NA,NA,NA,NA,NA,NA,NA,NA,NA,NA,NA,NA,NA,NA,NA,3,"ср","Wed"
"2020-11-19 10:40:00",2312,1201,72,32437,"2020-11-19",NA,NA,NA,NA,790,39789,NA,NA,NA,NA,NA,NA,NA,NA,NA,NA,NA,NA,NA,NA,NA,NA,NA,4,"чт","Thu"
"2020-11-20 11:00:00",2394,1229,63,33539,"2020-11-20",NA,NA,NA,NA,783,43237,NA,NA,NA,NA,NA,NA,NA,NA,NA,NA,NA,NA,NA,NA,NA,NA,NA,5,"пт","Fri"
"2020-11-21 10:50:00",2476,1275,70,34670,"2020-11-21",NA,NA,NA,NA,799,43103,NA,NA,NA,NA,NA,NA,NA,NA,NA,NA,NA,NA,NA,NA,NA,NA,NA,6,"сб","Sat"
"2020-11-22 10:30:00",2668,1335,57,35946,"2020-11-22",NA,NA,NA,NA,737,38023,NA,NA,NA,NA,NA,NA,NA,NA,NA,NA,NA,NA,NA,2052,6658,784,752,7,"вс","Sun"
"2020-11-23 10:40:00",2926,1449,20,37403,"2020-11-23",NA,NA,NA,NA,593,26468,NA,NA,NA,NA,NA,10846,NA,NA,NA,NA,NA,878,9968,NA,NA,NA,NA,1,"пн","Mon"
"2020-11-24 10:40:00",3179,1628,80,38874,"2020-11-24",NA,NA,NA,NA,566,33683,NA,NA,NA,NA,NA,NA,NA,NA,NA,NA,NA,NA,NA,NA,NA,NA,NA,2,"вт","Tue"
"2020-11-25 10:40:00",3421,1769,85,40441,"2020-11-25",NA,NA,NA,NA,917,32994,NA,NA,NA,NA,NA,NA,NA,NA,NA,NA,NA,NA,NA,NA,NA,NA,NA,3,"ср","Wed"
"2020-11-26 10:40:00",3669,1862,79,42169,"2020-11-26",NA,NA,NA,NA,826,39785,NA,NA,NA,NA,NA,NA,NA,NA,NA,NA,NA,NA,NA,NA,NA,NA,NA,4,"чт","Thu"
"2020-11-27 10:40:00",3687,1898,63,43895,"2020-11-27",NA,NA,NA,NA,826,38407,NA,NA,NA,NA,NA,NA,NA,NA,NA,NA,NA,NA,NA,NA,NA,NA,NA,5,"пт","Fri"
"2020-11-28 10:30:00",3695,1991,70,45529,"2020-11-28",NA,NA,NA,NA,884,39849,NA,NA,NA,NA,NA,NA,NA,NA,NA,NA,NA,NA,NA,NA,NA,NA,NA,6,"сб","Sat"
"2020-11-29 10:30:00",3701,1835,62,47333,"2020-11-29",NA,NA,NA,NA,874,37043,NA,NA,NA,NA,NA,10846,NA,NA,NA,NA,NA,822,10024,2153,6742,689,662,7,"вс","Sun"
"2020-11-30 10:40:00",3691,1830,20,49174,"2020-11-30",NA,NA,NA,NA,567,24218,NA,NA,NA,NA,NA,NA,NA,NA,NA,NA,NA,NA,NA,NA,NA,NA,NA,1,"пн","Mon"
"2020-12-01 11:00:00",3697,1890,85,50896,"2020-12-01",NA,NA,NA,NA,597,31487,NA,NA,NA,NA,NA,10901,NA,NA,NA,NA,NA,NA,NA,NA,NA,NA,NA,2,"вт","Tue"
"2020-12-02 10:40:00",3684,1873,82,52625,"2020-12-02",NA,NA,NA,NA,896,34076,NA,NA,NA,NA,NA,NA,NA,NA,NA,NA,NA,NA,NA,NA,NA,NA,NA,3,"ср","Wed"
"2020-12-03 11:00:00",3692,2940,69,53308,"2020-12-03",NA,NA,NA,NA,827,41108,NA,NA,NA,NA,NA,NA,NA,NA,NA,NA,NA,NA,NA,NA,NA,NA,NA,4,"чт","Thu"
"2020-12-04 11:00:00",3694,2437,57,54508,"2020-12-04",NA,NA,NA,NA,817,39802,NA,NA,NA,NA,NA,NA,NA,NA,NA,NA,NA,NA,NA,NA,NA,NA,NA,5,"пт","Fri"
"2020-12-05 11:00:00",3726,3117,58,55059,"2020-12-05",NA,NA,NA,NA,823,42810,NA,NA,NA,NA,NA,NA,NA,NA,NA,NA,NA,NA,NA,NA,NA,NA,NA,6,"сб","Sat"
"2020-12-06 11:20:00",3753,1903,47,56862,"2020-12-06",NA,NA,NA,NA,859,36736,NA,NA,NA,NA,NA,NA,NA,NA,NA,NA,NA,NA,NA,2249,7144,774,134,7,"вс","Sun"
"2020-12-07 10:50:00",3741,697,31,59875,"2020-12-07",NA,NA,NA,NA,703,26499,NA,NA,NA,NA,NA,NA,NA,NA,NA,NA,NA,NA,NA,NA,NA,NA,NA,1,"пн","Mon"
"2020-12-08 11:10:00",3734,1811,86,61712,"2020-12-08",NA,NA,NA,NA,612,34775,NA,NA,NA,NA,NA,NA,NA,NA,NA,NA,NA,NA,NA,NA,NA,NA,NA,2,"вт","Tue"
"2020-12-09 11:50:00",3761,1921,83,63469,"2020-12-09",4402,3239,62055,6385,933,35752,NA,NA,NA,NA,NA,NA,NA,NA,NA,NA,NA,NA,NA,NA,NA,NA,NA,3,"ср","Wed"
"2020-12-10 11:10:00",3774,1918,79,65246,"2020-12-10",5144,2451,63410,6311,850,44588,NA,NA,NA,NA,NA,NA,NA,NA,NA,NA,NA,NA,NA,NA,NA,NA,NA,4,"чт","Thu"
"2020-12-11 11:00:00",3779,2380,69,66576,"2020-12-11",4592,2380,65473,6599,881,44511,NA,NA,NA,NA,NA,NA,NA,NA,NA,NA,NA,NA,NA,NA,NA,NA,NA,5,"пт","Fri"
"2020-12-12 11:00:00",3776,2369,79,67904,"2020-12-12",4247,2369,66625,6487,893,39681,NA,NA,NA,NA,NA,11151,NA,NA,NA,NA,NA,834,10317,NA,NA,NA,NA,6,"сб","Sat"
"2020-12-13 11:00:00",3768,2151,67,69454,"2020-12-13",1338,2151,67726,6490,886,40525,NA,NA,NA,NA,NA,NA,NA,NA,NA,NA,NA,NA,NA,2292,7113,740,406,7,"вс","Sun"
"2020-12-14 11:00:00",3771,1903,64,71258,"2020-12-14",1418,909,NA,NA,736,26950,NA,NA,NA,NA,NA,NA,NA,NA,NA,NA,NA,NA,NA,NA,NA,NA,NA,1,"пн","Mon"
"2020-12-15 11:20:00",3765,1886,72,73065,"2020-12-15",4459,1252,68453,6672,649,31533,NA,NA,NA,NA,NA,11151,NA,NA,NA,NA,NA,431,10720,NA,NA,NA,NA,2,"вт","Tue"
"2020-12-16 11:20:00",3758,3168,69,73586,"2020-12-16",4106,3168,69329,6803,1033,35593,NA,NA,NA,NA,NA,NA,NA,NA,NA,NA,NA,NA,NA,NA,NA,NA,NA,3,"ср","Wed"
"2020-12-17 11:00:00",3763,3066,79,74204,"2020-12-17",4371,3066,68725,6800,966,41035,NA,NA,NA,NA,NA,NA,NA,NA,NA,NA,NA,NA,NA,NA,NA,NA,NA,4,"чт","Thu"
"2020-12-18 11:00:00",3757,3050,84,74827,"2020-12-18",4636,3050,71724,6789,979,40636,NA,137,NA,NA,NA,NA,NA,NA,NA,NA,NA,NA,NA,NA,NA,NA,NA,5,"пт","Fri"
"2020-12-19 10:50:00",3754,3025,75,75481,"2020-12-19",4025,3025,70501,5146,913,45108,NA,NA,NA,NA,NA,NA,NA,NA,NA,NA,NA,NA,NA,NA,NA,NA,NA,6,"сб","Sat"
"2020-12-20 11:10:00",3759,2326,73,76841,"2020-12-20",1005,2326,71270,5047,893,39838,674,143,NA,NA,NA,10145,NA,NA,NA,NA,NA,386,9759,2444,7448,612,47,7,"вс","Sun"
"2020-12-21 11:00:00",3752,1870,77,78646,"2020-12-21",962,668,NA,NA,751,28925,1035,361,NA,NA,NA,NA,NA,NA,NA,NA,NA,NA,NA,NA,NA,NA,NA,1,"пн","Mon"
"2020-12-22 11:00:00",3760,1899,82,80425,"2020-12-22",4178,1596,71890,5173,632,31435,1545,510,NA,NA,NA,NA,NA,NA,NA,NA,NA,NA,NA,NA,NA,NA,NA,2,"вт","Tue"
"2020-12-23 11:00:00",3749,2617,75,81482,"2020-12-23",3505,2617,72255,5286,974,35258,2171,626,NA,NA,NA,NA,NA,NA,NA,NA,NA,NA,NA,NA,NA,NA,NA,3,"ср","Wed"
"2020-12-24 11:10:00",3756,2653,72,82513,"2020-12-24",4733,2653,73000,5137,903,35289,3028,857,204,NA,NA,NA,NA,NA,NA,NA,NA,NA,NA,NA,NA,NA,NA,4,"чт","Thu"
"2020-12-25 11:20:00",3751,3034,76,83154,"2020-12-25",4158,3034,73828,4942,1028,43110,3879,851,NA,NA,NA,NA,NA,NA,NA,NA,NA,NA,NA,NA,NA,NA,NA,5,"пт","Fri"
"2020-12-26 11:00:00",3755,3906,82,82921,"2020-12-26",3904,3906,73536,4857,936,42458,4180,301,NA,NA,NA,NA,NA,NA,NA,NA,NA,NA,NA,NA,NA,NA,NA,6,"сб","Sat"
"2020-12-27 11:00:00",3761,3128,74,83480,"2020-12-27",3492,3128,73849,4895,916,37890,4268,88,NA,NA,NA,NA,NA,NA,NA,NA,NA,NA,NA,2547,7232,679,717,7,"вс","Sun"
"2020-12-28 10:40:00",3748,2248,75,84905,"2020-12-28",NA,NA,NA,NA,773,22338,4898,630,NA,NA,NA,11925,432,NA,NA,NA,NA,NA,NA,NA,NA,NA,NA,1,"пн","Mon"
"2020-12-29 10:50:00",3757,2109,79,86474,"2020-12-29",3845,2109,74223,4875,694,33149,5357,459,NA,NA,NA,NA,NA,NA,NA,NA,NA,NA,NA,NA,NA,NA,NA,2,"вт","Tue"
"2020-12-30 10:45:00",3764,4278,78,85882,"2020-12-30",4298,4278,73667,4805,851,34763,5870,513,NA,NA,NA,NA,NA,NA,NA,NA,NA,NA,NA,NA,NA,NA,NA,3,"ср","Wed"
"2020-12-31 11:00:00",3758,3573,84,85983,"2020-12-31",NA,NA,NA,NA,881,39161,5927,57,NA,NA,NA,NA,NA,NA,NA,NA,NA,NA,NA,NA,NA,NA,NA,4,"чт","Thu"
"2021-01-01 12:10:00",3746,3058,75,86596,"2021-01-01",1554,3058,73082,4470,869,32611,5942,15,NA,NA,NA,NA,NA,NA,NA,NA,NA,NA,NA,NA,NA,NA,NA,5,"пт","Fri"
"2021-01-02 11:30:00",3742,945,76,89317,"2021-01-02",888,945,73087,4475,638,16777,6066,124,262,NA,NA,NA,NA,NA,NA,NA,NA,NA,NA,NA,NA,NA,NA,6,"сб","Sat"
"2021-01-03 11:00:00",3738,906,80,92069,"2021-01-03",1579,906,72977,4475,570,13183,6269,203,262,0,NA,NA,NA,NA,NA,NA,NA,NA,NA,2381,6778,569,2050,7,"вс","Sun"
"2021-01-04 11:00:00",3657,1626,79,94021,"2021-01-04",1797,1624,NA,NA,690,10902,7014,745,262,0,NA,NA,NA,NA,NA,NA,NA,NA,NA,NA,NA,NA,NA,1,"пн","Mon"
"2021-01-05 11:00:00",3649,1729,73,95868,"2021-01-05",2195,1729,72944,4658,717,16253,8067,1053,262,0,14625,NA,NA,NA,NA,NA,NA,NA,NA,NA,NA,NA,NA,2,"вт","Tue"
"2021-01-06 11:00:00",3341,1788,58,97363,"2021-01-06",1581,1788,72778,4697,792,20837,9347,1280,269,7,13345,NA,424,NA,NA,NA,NA,NA,NA,NA,NA,NA,NA,3,"ср","Wed"
"2021-01-07 11:15:00",3005,1836,69,98463,"2021-01-07",2140,1836,72540,4775,794,21800,10127,780,269,0,12565,NA,NA,NA,NA,NA,NA,NA,NA,NA,NA,NA,NA,4,"чт","Thu"
"2021-01-08 11:15:00",3017,1756,55,99669,"2021-01-08",1163,1756,72286,4913,799,18651,11597,1470,344,75,11095,NA,NA,NA,NA,NA,NA,NA,NA,NA,NA,NA,NA,5,"пт","Fri"
"2021-01-09 11:00:00",3006,1641,69,100965,"2021-01-09",2033,1641,71890,4848,725,20297,13007,1410,384,40,9685,NA,NA,NA,NA,NA,NA,NA,NA,NA,NA,NA,NA,6,"сб","Sat"
"2021-01-10 11:30:00",3010,2684,50,101241,"2021-01-10",2141,2686,72576,4880,698,25602,13692,685,384,0,9000,NA,NA,NA,NA,NA,NA,NA,NA,2370,7078,559,1771,7,"вс","Sun"
"2021-01-11 11:15:00",3004,1873,42,102330,"2021-01-11",1505,1873,NA,NA,670,25340,15352,1660,630,246,NA,NA,NA,NA,NA,NA,NA,NA,NA,NA,NA,NA,NA,1,"пн","Mon"
"2021-01-12 11:00:00",2731,1258,68,103735,"2021-01-12",3609,1258,71218,4831,596,29983,17025,1673,1099,469,25667,NA,NA,NA,NA,NA,NA,NA,NA,NA,NA,NA,NA,2,"вт","Tue"
"2021-01-13 11:00:00",3003,3425,78,103235,"2021-01-13",4205,3425,70619,4669,823,37389,18477,1452,1795,696,24215,12488,NA,NA,NA,NA,NA,NA,NA,NA,NA,NA,NA,3,"ср","Wed"
"2021-01-14 11:40:00",3041,3551,83,102642,"2021-01-14",4011,3551,70372,4603,785,38105,19885,1408,2592,797,22807,12488,NA,NA,NA,NA,NA,2963,9525,NA,NA,NA,NA,4,"чт","Thu"
"2021-01-15 11:00:00",3094,3915,72,101749,"2021-01-15",3274,3915,69804,4558,750,36812,21872,1987,3475,883,20820,12488,NA,NA,NA,NA,NA,3160,9328,NA,NA,NA,NA,5,"пт","Fri"
"2021-01-16 11:10:00",3253,3625,67,101310,"2021-01-16",3636,3625,69002,4405,718,36812,22349,477,3913,438,20343,12488,372,NA,NA,NA,NA,3233,9255,NA,NA,NA,NA,6,"сб","Sat"
"2021-01-17 11:00:00",3316,3072,59,101495,"2021-01-17",1233,3072,68602,4479,710,28134,22489,140,3967,54,20203,12488,367,NA,NA,NA,NA,3024,9464,2103,6651,486,2648,7,"вс","Sun"
"2021-01-18 11:10:00",3287,1168,55,103559,"2021-01-18",1095,1138,NA,NA,493,16389,24817,2328,4537,570,17875,12488,NA,NA,NA,NA,NA,3087,9401,NA,NA,NA,NA,1,"пн","Mon"
"2021-01-19 11:10:00",3281,2259,69,104512,"2021-01-19",2903,2259,67803,4556,463,21478,27499,2682,4986,449,15193,12488,NA,NA,NA,NA,NA,3346,9142,NA,NA,NA,NA,2,"вт","Tue"
"2021-01-20 11:00:00",3347,2855,72,104932,"2021-01-20",4006,2885,67493,4470,676,26700,30159,2660,5367,381,12533,12488,NA,NA,NA,NA,NA,3577,8911,NA,NA,NA,NA,3,"ср","Wed"
"2021-01-21 11:00:00",3112,4194,79,103771,"2021-01-21",3400,4194,66752,4445,565,31108,32453,2294,5590,223,19239,NA,NA,NA,NA,NA,NA,3770,NA,NA,NA,NA,NA,4,"чт","Thu"
"2021-01-22 11:00:00",3104,4696,59,102120,"2021-01-22",3195,4696,65212,4339,607,30753,35031,2578,5643,53,31511,12538,NA,NA,NA,NA,NA,4088,8450,NA,NA,NA,NA,5,"пт","Fri"
"2021-01-23 11:00:00",3056,4205,73,100898,"2021-01-23",3052,4205,63731,4317,611,30798,35920,889,5677,34,40922,12538,NA,NA,NA,NA,NA,4137,8401,2006,5844,408,3630,6,"сб","Sat"
"2021-01-24 11:00:00",2929,2260,61,101506,"2021-01-24",725,2260,63362,4272,489,25364,36225,305,5801,134,40667,12538,328,NA,NA,NA,NA,4049,8489,NA,NA,NA,NA,7,"вс","Sun"
"2021-01-25 11:00:00",2116,899,59,102664,"2021-01-25",436,899,NA,NA,373,14958,39441,3216,6687,886,NA,12538,NA,NA,NA,NA,NA,4059,8479,NA,NA,NA,NA,1,"пн","Mon"
"2021-01-26 11:10:00",1510,2422,58,101694,"2021-01-26",2928,2422,61971,4380,415,19072,43542,4101,7761,1074,37850,12538,NA,NA,NA,NA,NA,4280,8258,NA,NA,NA,NA,2,"вт","Tue"
"2021-01-27 11:20:00",1813,5795,70,97642,"2021-01-27",2761,5795,58805,4344,593,24302,49408,5866,8860,1099,37734,12538,NA,NA,NA,NA,NA,4576,7962,NA,NA,NA,NA,3,"ср","Wed"
"2021-01-28 11:10:00",2128,4124,69,95577,"2021-01-28",2621,4124,56869,4228,521,30741,56068,6660,9691,1101,37474,12538,NA,NA,NA,NA,NA,4665,7873,NA,NA,NA,NA,4,"чт","Thu"
"2021-01-29 11:40:00",2284,3628,51,94182,"2021-01-29",2122,3628,55317,4219,610,29385,61894,5896,11150,1459,43348,12538,NA,NA,NA,NA,NA,4944,7594,NA,NA,NA,NA,5,"пт","Fri"
"2021-01-30 11:00:00",2512,3409,64,93221,"2021-01-30",1314,3409,53910,4226,498,28675,64812,2918,12221,1071,40430,12538,NA,NA,NA,NA,NA,5029,7509,NA,NA,NA,NA,6,"сб","Sat"
"2021-01-31 10:40:00",2160,1437,47,93897,"2021-01-31",992,1437,53427,3989,546,23093,66060,1248,12588,367,39182,12538,287,NA,NA,NA,NA,4889,7649,1867,5204,336,4481,7,"вс","Sun"
"2021-02-01 11:00:00",1842,1273,53,94413,"2021-02-01",926,1273,NA,NA,335,12771,72334,6274,15027,2439,37498,12538,NA,NA,NA,NA,NA,4955,7583,NA,NA,NA,NA,1,"пн","Mon"
"2021-02-02 11:20:00",1484,1924,65,93908,"2021-02-02",2792,1924,51729,4098,343,13835,78954,6620,16845,1818,42173,12538,NA,NA,NA,NA,NA,5146,7392,NA,NA,NA,NA,2,"вт","Tue"
"2021-02-03 11:20:00",1916,3627,55,92142,"2021-02-03",2487,3627,50014,4057,549,21275,86479,7525,18280,1435,46168,NA,NA,NA,NA,NA,NA,NA,NA,NA,NA,NA,NA,3,"ср","Wed"
"2021-02-04 11:00:00",1571,3153,53,90507,"2021-02-04",2154,3153,48975,4001,491,26922,94463,7984,19609,1329,48579,NA,NA,NA,NA,NA,NA,NA,NA,NA,NA,NA,NA,4,"чт","Thu"
"2021-02-05 11:15:00",1463,3012,38,88920,"2021-02-05",1868,3012,48222,3889,436,25942,102304,7841,21417,1808,54598,12538,NA,NA,NA,NA,NA,5637,6901,NA,NA,NA,NA,5,"пт","Fri"
"2021-02-06 11:00:00",1248,2472,45,87651,"2021-02-06",2466,2472,46796,3789,421,25203,106894,4590,21891,474,74263,NA,NA,NA,NA,NA,NA,NA,NA,NA,NA,NA,NA,6,"сб","Sat"
"2021-02-07 11:00:00",1175,2339,39,86448,"2021-02-07",1316,2339,46509,3806,384,22838,109085,2191,22007,116,72072,11950,284,NA,NA,NA,NA,5071,6879,1660,4703,213,4774,7,"вс","Sun"
"2021-02-08 11:30:00",1551,1090,41,86868,"2021-02-08",627,1090,NA,NA,260,12003,117586,8501,24310,2303,83731,NA,NA,NA,NA,NA,NA,NA,NA,NA,NA,NA,NA,1,"пн","Mon"
"2021-02-09 11:00:00",1078,3739,61,84146,"2021-02-09",2416,3739,45604,3858,251,14557,126473,8887,27011,2701,88389,NA,NA,NA,NA,NA,NA,NA,NA,NA,NA,NA,NA,2,"вт","Tue"
"2021-02-10 11:00:00",1169,3589,54,81672,"2021-02-10",1938,3589,44826,3829,376,20875,135606,9133,29481,2470,83031,10650,NA,NA,NA,NA,NA,4278,6372,NA,NA,NA,NA,3,"ср","Wed"
"2021-02-11 11:00:00",1127,3333,61,79405,"2021-02-11",2149,3333,43134,3781,346,25124,144493,8887,31867,2386,87344,10650,NA,NA,NA,NA,NA,4383,6267,NA,NA,NA,NA,4,"чт","Thu"
"2021-02-12 11:10:00",1134,3446,58,77035,"2021-02-12",2193,3446,41769,3884,401,24842,153767,9274,34256,2389,105045,10650,260,NA,NA,NA,NA,4652,5998,NA,NA,NA,NA,5,"пт","Fri"
"2021-02-13 10:30:00",1130,2678,52,75435,"2021-02-13",1539,2678,40165,3697,381,24842,158563,4796,35009,753,116944,10650,NA,NA,NA,NA,NA,4842,5808,NA,NA,NA,NA,6,"сб","Sat"
"2021-02-14 10:30:00",1099,1545,55,74934,"2021-02-14",473,1545,39477,3588,350,19450,160626,2063,35287,278,114881,10250,249,NA,NA,NA,NA,4365,5885,1479,4011,132,5028,7,"вс","Sun"
"2021-02-15 11:00:00",1093,1497,49,74481,"2021-02-15",313,1497,NA,NA,280,12241,168745,8119,38340,3053,111847,9578,NA,NA,NA,NA,NA,3771,5807,NA,NA,NA,NA,1,"пн","Mon"
"2021-02-16 11:00:00",1082,2931,48,72584,"2021-02-16",1553,2931,38523,3551,257,12649,178247,9502,42424,4084,102345,9523,NA,NA,NA,NA,NA,3882,5641,NA,NA,NA,NA,2,"вт","Tue"
"2021-02-17 11:00:00",1103,2882,37,70768,"2021-02-17",1268,2882,37437,3471,404,18918,187661,9414,47716,5292,94776,9273,NA,NA,NA,NA,NA,3895,5378,NA,NA,NA,NA,3,"ср","Wed"
"2021-02-18 11:20:00",1094,3234,42,68586,"2021-02-18",1785,3234,36286,3362,384,23902,196173,8512,54324,6608,106364,9273,NA,NA,NA,NA,NA,3957,5316,NA,NA,NA,NA,4,"чт","Thu"
"2021-02-19 11:00:00",1087,3676,47,65950,"2021-02-19",1874,3676,35004,3374,443,22885,205343,9170,59773,5449,111294,9273,NA,NA,NA,NA,NA,4066,5207,NA,NA,NA,NA,5,"пт","Fri"
"2021-02-20 11:30:00",1092,2696,52,64294,"2021-02-20",1989,2696,34411,3406,365,22642,213220,7877,62708,2935,105817,9273,217,NA,NA,NA,NA,4156,5117,NA,NA,NA,NA,6,"сб","Sat"
"2021-02-21 11:00:00",996,2350,49,62891,"2021-02-21",1349,2350,33710,3338,412,22941,215407,2187,64225,1517,103630,NA,204,NA,NA,NA,NA,NA,NA,1247,3476,141,4007,7,"вс","Sun"
"2021-02-22 11:00:00",957,1018,47,62783,"2021-02-22",320,1018,NA,NA,405,14457,217384,1977,68517,4292,101653,7759,NA,NA,NA,NA,NA,2545,5214,NA,NA,NA,NA,1,"пн","Mon"
"2021-02-23 11:00:00",913,1723,41,61932,"2021-02-23",568,1723,32993,3268,265,11579,219125,1741,72019,3502,99912,7759,NA,NA,NA,NA,NA,2428,5331,NA,NA,NA,NA,2,"вт","Tue"
"2021-02-24 11:00:00",909,1490,37,61314,"2021-02-24",324,1490,32681,3264,245,7408,226188,7063,80459,8440,101549,7759,NA,NA,NA,NA,NA,2408,5351,NA,NA,NA,NA,3,"ср","Wed"
"2021-02-25 11:00:00",911,2301,48,59876,"2021-02-25",1245,2301,32412,3395,259,11623,234180,7992,88772,8313,94457,7759,NA,NA,NA,NA,NA,2403,5356,NA,NA,NA,NA,4,"чт","Thu"
"2021-02-26 11:00:00",947,1667,40,59116,"2021-02-26",1372,1667,31209,3339,430,18953,242383,8203,97183,8411,101959,7759,NA,NA,NA,NA,NA,2486,5273,NA,NA,NA,NA,5,"пт","Fri"
"2021-02-27 11:00:00",951,2538,39,57490,"2021-02-27",1240,2538,30515,3303,427,26358,245941,3558,101345,4162,98401,7759,NA,NA,NA,NA,NA,2445,5314,NA,NA,NA,NA,6,"сб","Sat"
"2021-02-28 11:00:00",939,1228,38,57163,"2021-02-28",558,1228,29914,3329,432,20337,246992,1051,103545,2200,97350,6944,227,NA,NA,NA,NA,1510,5434,1259,3764,142,2192,7,"вс","Sun"
"2021-03-01 11:00:00",943,1320,35,56751,"2021-03-01",296,1320,NA,NA,259,14790,253674,6682,112254,8709,93368,6924,211,NA,NA,NA,NA,1499,5425,NA,NA,NA,NA,1,"пн","Mon"
"2021-03-02 11:00:00",937,2659,49,54980,"2021-03-02",1642,2659,29106,3403,265,14328,260505,6831,120652,8398,88037,6924,NA,NA,NA,NA,NA,1540,5384,NA,NA,NA,NA,2,"вт","Tue"
"2021-03-03 11:10:00",962,2635,39,53268,"2021-03-03",1707,2635,28317,3467,420,22130,267676,7171,129439,8787,80866,6924,198,NA,NA,NA,NA,1647,5277,NA,NA,NA,NA,3,"ср","Wed"
"2021-03-04 11:00:00",986,2609,48,51597,"2021-03-04",1292,2609,27331,3488,333,23641,274018,6342,137751,8312,74524,6924,201,NA,NA,NA,NA,1705,5219,NA,NA,NA,NA,4,"чт","Thu"
"2021-03-05 11:00:00",983,2591,26,49963,"2021-03-05",1351,2591,26231,3404,378,23520,280053,6035,146886,9135,68489,6924,NA,NA,NA,NA,NA,1789,5135,NA,NA,NA,NA,5,"пт","Fri"
"2021-03-06 10:40:00",975,2750,39,48149,"2021-03-06",1251,2750,25300,3388,436,23052,282668,2615,151389,4503,65874,6924,NA,NA,NA,NA,NA,1890,5034,NA,NA,NA,NA,6,"сб","Sat"
"2021-03-07 10:40:00",968,1402,37,47678,"2021-03-07",375,1402,24674,3360,357,19005,283625,957,153144,1755,64917,6924,207,NA,NA,NA,NA,1845,5079,1264,3451,119,1688,7,"вс","Sun"
"2021-03-08 10:40:00",956,1411,43,47180,"2021-03-08",377,1411,NA,NA,248,12608,284395,770,155706,2562,64147,6924,212,NA,NA,NA,NA,1779,5145,NA,NA,NA,NA,1,"пн","Mon"
"2021-03-09 11:00:00",941,1372,42,46707,"2021-03-09",285,1372,24279,3323,191,5915,288855,4460,167235,11529,59687,6924,199,NA,NA,NA,NA,1747,5177,NA,NA,NA,NA,2,"вт","Tue"
"2021-03-10 11:20:00",959,2749,52,44865,"2021-03-10",1179,2749,24049,3374,231,10740,294706,5851,176918,9683,53836,6756,NA,NA,NA,NA,NA,1676,5080,NA,NA,NA,NA,3,"ср","Wed"
"2021-03-11 11:00:00",961,2805,40,42981,"2021-03-11",1063,2805,23526,3395,352,19164,299771,5065,185827,8909,48771,6756,215,NA,NA,NA,NA,1845,4911,NA,NA,NA,NA,4,"чт","Thu"
"2021-03-12 11:00:00",957,2861,46,41031,"2021-03-12",1262,2861,22517,3341,369,22946,305182,5411,195382,9555,43360,6756,NA,NA,NA,NA,NA,2039,4717,NA,NA,NA,NA,5,"пт","Fri"
"2021-03-13 11:00:00",943,2326,46,39602,"2021-03-13",1362,2326,21664,3270,344,25425,306878,1696,200575,5193,41664,6756,NA,NA,NA,NA,NA,1935,4821,NA,NA,NA,NA,6,"сб","Sat"
"2021-03-14 12:20:00",937,841,37,39661,"2021-03-14",307,841,21165,3257,374,20691,307609,731,202069,1494,40933,6756,207,NA,NA,NA,NA,1875,4881,1777,3249,108,1820,7,"вс","Sun"
"2021-03-15 11:10:00",933,684,45,39865,"2021-03-15",361,684,NA,NA,226,11891,311530,3921,207568,5499,37012,6756,NA,NA,NA,NA,NA,1895,4861,NA,NA,NA,NA,1,"пн","Mon"
"2021-03-16 11:00:00",916,1174,42,39565,"2021-03-16",979,1174,20859,3291,253,12520,315693,4163,210920,3352,32849,6248,202,NA,NA,NA,NA,1530,4718,NA,NA,NA,NA,2,"вт","Tue"
"2021-03-17 11:00:00",927,997,30,39465,"2021-03-17",737,997,20489,3255,337,18778,319463,3770,217626,6706,29079,6248,200,NA,NA,NA,NA,1606,4642,NA,NA,NA,NA,3,"ср","Wed"
"2021-03-18 11:10:00",918,2041,33,38309,"2021-03-18",1500,2041,20012,3100,363,26317,322794,3331,225294,7668,25748,6248,NA,NA,NA,NA,NA,1689,4559,NA,NA,NA,NA,4,"чт","Thu"
"2021-03-19 11:15:00",921,2027,38,37165,"2021-03-19",1229,2027,19291,3137,308,24315,326049,3255,233119,7825,22493,6248,NA,NA,NA,NA,NA,1754,4494,NA,NA,NA,NA,5,"пт","Fri"
"2021-03-20 11:00:00",899,1073,36,36955,"2021-03-20",841,1073,18592,3072,362,24330,327587,1538,236187,3068,35255,6248,187,NA,NA,NA,NA,1800,4448,NA,NA,NA,NA,6,"сб","Sat"
"2021-03-21 11:00:00",881,291,37,37508,"2021-03-21",379,291,18432,3068,327,20722,328615,1028,237044,857,34227,6248,189,NA,NA,NA,NA,1704,4544,1187,2941,139,1579,7,"вс","Sun"
"2021-03-22 11:15:00",865,245,35,38093,"2021-03-22",270,245,NA,NA,226,11245,332322,3707,243738,6694,31720,6248,189,NA,NA,NA,NA,1679,4569,NA,NA,NA,NA,1,"пн","Mon"
"2021-03-23 11:10:00",812,1363,42,37500,"2021-03-23",1130,1363,18423,3149,224,12150,336769,4447,250563,6825,27273,6248,191,NA,NA,NA,NA,1741,4507,NA,NA,NA,NA,2,"вт","Tue"
"2021-03-24 11:10:00",807,705,35,37567,"2021-03-24",904,705,18205,3171,327,18731,341316,4547,257424,6861,34526,6248,183,NA,NA,NA,NA,1818,4430,NA,NA,NA,NA,3,"ср","Wed"
"2021-03-25 11:15:00",804,1273,37,37061,"2021-03-25",1090,1273,18076,3129,308,22521,346914,5598,263529,6105,46048,6248,191,NA,NA,NA,NA,1889,4359,NA,NA,NA,NA,4,"чт","Thu"
"2021-03-26 11:10:00",782,1615,36,36192,"2021-03-26",1054,1615,17906,3101,313,21025,354154,7240,269494,5965,55688,6248,187,NA,NA,NA,NA,1959,4289,NA,NA,NA,NA,5,"пт","Fri"
"2021-03-27 11:10:00",749,1192,32,35717,"2021-03-27",1164,1192,17633,3108,334,20236,358131,3977,271699,2205,51711,6248,174,NA,NA,NA,NA,1949,4299,NA,NA,NA,NA,6,"сб","Sat"
"2021-03-28 11:00:00",701,780,33,35605,"2021-03-28",296,160,17340,3061,323,18533,359843,1712,272319,620,49999,6248,173,NA,NA,NA,NA,1851,4397,1152,2818,119,1757,7,"вс","Sun"
"2021-03-29 11:25:00",697,713,30,35559,"2021-03-29",161,135,NA,NA,197,12853,368057,8214,274342,2203,45685,5347,181,NA,NA,NA,NA,878,4469,NA,NA,NA,NA,1,"пн","Mon"
"2021-03-30 11:15:00",719,1061,36,35181,"2021-03-30",1130,1061,17246,3105,221,12351,376357,8300,278720,4378,55085,5347,169,NA,NA,NA,NA,875,4472,NA,NA,NA,NA,2,"вт","Tue"
"2021-03-31 11:00:00",715,978,37,34881,"2021-03-31",746,978,17045,3135,363,NA,384078,7721,284106,5386,62064,5347,NA,NA,NA,NA,NA,909,4438,NA,NA,NA,NA,3,"ср","Wed"
"2021-04-01 11:15:00",710,1101,31,34459,"2021-04-01",918,1101,16804,3050,333,23601,392126,8084,289240,5134,73716,5347,164,NA,NA,NA,NA,1009,4338,NA,NA,NA,NA,4,"чт","Thu"
"2021-04-02 11:15:00",708,1037,29,34101,"2021-04-02",860,1054,16496,3027,324,22405,401057,8931,294321,5071,64785,5347,167,NA,NA,NA,NA,987,4360,NA,NA,NA,NA,5,"пт","Fri"
"2021-04-03 11:00:00",717,1019,36,33763,"2021-04-03",800,1019,16372,3021,323,22979,405074,4017,296101,1780,60768,5347,172,NA,NA,NA,NA,972,4375,NA,NA,NA,NA,6,"сб","Sat"
"2021-04-04 11:00:00",711,955,28,33491,"2021-04-04",272,189,16379,3016,343,19542,406838,1764,296742,641,59004,5347,179,NA,NA,NA,NA,915,4432,1175,2819,123,828,7,"вс","Sun"
"2021-04-05 11:00:00",707,816,27,33355,"2021-04-05",209,216,NA,NA,205,12591,414934,8096,301006,4264,61408,NA,180,NA,NA,NA,NA,NA,NA,NA,NA,NA,NA,1,"пн","Mon"
"2021-04-06 11:15:00",702,1342,31,32684,"2021-04-06",1060,1342,16349,3019,259,12361,423594,8660,304905,3899,69848,NA,178,NA,NA,NA,NA,NA,NA,NA,NA,NA,NA,2,"вт","Tue"
"2021-04-07 11:10:00",705,939,36,32414,"2021-04-07",851,939,16222,3068,342,17869,432606,9012,308784,3879,60836,5273,178,NA,NA,NA,NA,844,4429,NA,NA,NA,NA,3,"ср","Wed"
"2021-04-08 11:10:00",695,938,33,32138,"2021-04-08",875,938,16120,2999,298,23095,441581,8975,311912,3128,77461,5273,NA,NA,NA,NA,NA,884,4389,NA,NA,NA,NA,4,"чт","Thu"
"2021-04-09 11:00:00",703,929,30,31882,"2021-04-09",893,929,16001,2978,287,21648,450728,9147,315041,3129,82284,5273,176,NA,NA,NA,NA,947,4326,NA,NA,NA,NA,5,"пт","Fri"
"2021-04-10 11:00:00",699,953,31,31597,"2021-04-10",958,953,15908,2875,299,21088,454890,4162,316472,1431,78122,5273,157,NA,NA,NA,NA,984,4289,NA,NA,NA,NA,6,"сб","Sat"
"2021-04-11 11:00:00",694,68,19,32204,"2021-04-11",162,68,15918,2802,328,18056,456549,1659,317495,1023,176063,5273,176,NA,NA,NA,NA,918,4355,1080,2825,110,856,7,"вс","Sun"
"2021-04-12 11:00:00",706,252,34,32624,"2021-04-12",177,252,NA,NA,199,11153,463705,7156,321232,3737,188707,5273,165,NA,NA,NA,NA,899,4374,NA,NA,NA,NA,1,"пн","Mon"
"2021-04-13 11:20:00",701,1194,30,32101,"2021-04-13",951,1194,15906,2816,188,12542,471559,7854,325806,4574,180853,5273,167,NA,NA,NA,NA,1011,4262,NA,NA,NA,NA,2,"вт","Tue"
"2021-04-14 11:10:00",712,977,28,31808,"2021-04-14",859,977,15704,2842,274,18671,479424,7865,330302,4496,72788,5273,169,NA,NA,NA,NA,1056,4217,NA,NA,NA,NA,3,"ср","Wed"
"2021-04-15 11:10:00",719,1456,27,31044,"2021-04-15",939,1456,15594,2848,299,23012,487411,7987,335844,5542,108151,5273,163,NA,NA,NA,NA,1112,4161,NA,NA,NA,NA,4,"чт","Thu"
"2021-04-16 11:10:00",704,419,30,31299,"2021-04-16",770,419,15129,2869,292,20538,495390,7979,342752,6908,230822,5273,153,NA,NA,NA,NA,1156,4117,NA,NA,NA,NA,5,"пт","Fri"
"2021-04-17 11:00:00",701,746,32,31222,"2021-04-17",933,746,15171,2828,291,22627,498558,3168,346220,3468,227654,5273,156,NA,NA,NA,NA,1207,4066,NA,NA,NA,NA,6,"сб","Sat"
"2021-04-18 11:10:00",695,163,29,31725,"2021-04-18",167,163,15232,2804,317,18082,499808,1250,347756,1536,226404,5273,156,NA,NA,NA,NA,1109,4164,1096,2647,109,1019,7,"вс","Sun"
"2021-04-19 11:10:00",692,332,26,32059,"2021-04-19",178,332,NA,NA,213,11162,505902,6094,355950,8194,116960,NA,NA,NA,NA,NA,NA,NA,NA,NA,NA,NA,NA,1,"пн","Mon"
"2021-04-20 11:20:00",687,1613,35,31098,"2021-04-20",1112,1613,15160,2859,186,12732,512964,7062,363791,7841,116518,5248,154,NA,NA,NA,NA,1094,4154,NA,NA,NA,NA,2,"вт","Tue"
"2021-04-21 11:20:00",693,1171,34,30586,"2021-04-21",838,1171,14852,2782,299,16660,519952,6988,371214,7423,206260,5248,166,NA,NA,NA,NA,1194,4054,NA,NA,NA,NA,3,"ср","Wed"
"2021-04-22 11:30:00",682,906,35,30327,"2021-04-22",852,906,14541,2726,292,23651,527069,7117,379261,8047,102413,5248,159,NA,NA,NA,NA,1196,4052,NA,NA,NA,NA,4,"чт","Thu"
"2021-04-23 11:00:00",694,1001,37,29983,"2021-04-23",886,660,14547,2804,281,20410,534166,7097,387698,8437,103066,5248,158,NA,NA,NA,NA,1229,4019,NA,NA,NA,NA,5,"пт","Fri"
"2021-04-24 11:55:00",689,1012,39,29621,"2021-04-24",795,959,14496,2773,305,21186,537313,3147,391418,3720,99919,5248,166,NA,NA,NA,NA,1191,4057,NA,NA,NA,NA,6,"сб","Sat"
"2021-04-25 11:00:00",701,973,28,29321,"2021-04-25",294,247,14493,2705,333,17035,538558,1245,392940,1522,187654,5248,165,NA,NA,NA,NA,1111,4137,1093,2611,91,1076,7,"вс","Sun"
"2021-04-26 11:10:00",706,834,37,29156,"2021-04-26",152,210,NA,NA,204,13892,544646,6088,401427,8487,92586,5248,158,NA,NA,NA,NA,1051,4197,NA,NA,NA,NA,1,"пн","Mon"
"2021-04-27 11:30:00",712,972,38,28858,"2021-04-27",1053,972,14544,2830,188,11956,551333,6687,409732,8305,86499,5248,165,NA,NA,NA,NA,1079,4169,NA,NA,NA,NA,2,"вт","Tue"
"2021-04-28 11:20:00",723,1087,34,28460,"2021-04-28",871,1087,14536,2809,303,18894,557301,5968,418488,8756,102431,5248,182,NA,NA,NA,NA,1037,4211,NA,NA,NA,NA,3,"ср","Wed"
"2021-04-29 11:40:00",716,1040,27,28109,"2021-04-29",942,1040,14556,2803,288,22902,563306,6005,426893,8405,114616,5248,169,NA,NA,NA,NA,1151,4097,NA,NA,NA,NA,4,"чт","Thu"
"2021-04-30 11:00:00",725,1011,33,27790,"2021-04-30",826,1011,14525,2786,307,23489,568822,5516,435969,9076,122500,5248,181,NA,NA,NA,NA,1198,4050,NA,NA,NA,NA,5,"пт","Fri"
"2021-05-01 11:00:00",737,978,34,27515,"2021-05-01",951,978,14541,2722,334,24167,570335,1513,438652,2683,197067,5248,167,NA,NA,NA,NA,1301,3947,NA,NA,NA,NA,6,"сб","Sat"
"2021-05-02 11:00:00",718,982,36,27215,"2021-05-02",399,171,14505,2803,228,18746,571291,956,439956,1304,196111,5248,169,NA,NA,NA,NA,1185,4063,986,2712,109,1064,7,"вс","Sun"
"2021-05-03 11:00:00",704,755,34,27130,"2021-05-03",336,175,NA,NA,213,8648,573057,1766,443242,3286,118265,5248,175,NA,NA,NA,NA,1039,4209,NA,NA,NA,NA,1,"пн","Mon"
"2021-05-04 11:00:00",709,801,34,27004,"2021-05-04",339,200,14709,2845,207,11203,576666,3609,452149,8907,114656,5248,178,NA,NA,NA,NA,1004,4244,NA,NA,NA,NA,2,"вт","Tue"
"2021-05-05 11:00:00",711,873,33,26809,"2021-05-05",901,770,14709,2883,234,9199,580463,3397,460540,8391,110859,5248,177,NA,NA,NA,NA,1057,4191,NA,NA,NA,NA,3,"ср","Wed"
"2021-05-06 11:00:00",715,881,35,26608,"2021-05-06",783,743,14649,2831,287,15894,584290,3827,468053,7513,107032,5248,173,NA,NA,NA,NA,1046,4202,NA,NA,NA,NA,4,"чт","Thu"
"2021-05-07 11:00:00",722,871,31,26428,"2021-05-07",967,760,14644,2898,323,17470,588223,3933,475310,7257,103099,5248,192,NA,NA,NA,NA,1071,4177,NA,NA,NA,NA,5,"пт","Fri"
"2021-05-08 11:00:00",726,861,34,26259,"2021-05-08",875,808,14630,2899,327,19646,590322,2099,478178,2868,101000,5248,194,NA,NA,NA,NA,1094,4154,NA,NA,NA,NA,6,"сб","Sat"
"2021-05-09 11:00:00",729,821,37,26130,"2021-05-09",402,173,14481,2979,353,16210,590953,631,478930,752,100369,5248,187,NA,NA,NA,NA,1019,4229,950,2960,77,884,7,"вс","Sun"
"2021-05-10 11:00:00",724,732,30,26092,"2021-05-10",365,102,NA,NA,273,12678,592573,1620,481963,3033,98749,5248,185,NA,NA,NA,NA,888,4360,NA,NA,NA,NA,1,"пн","Mon"
"2021-05-11 11:00:00",717,809,35,25965,"2021-05-11",399,204,14742,3119,241,10772,596806,4233,491547,9584,94516,5248,189,NA,NA,NA,NA,786,4462,NA,NA,NA,NA,2,"вт","Tue"
"2021-05-12 11:15:00",734,933,39,25727,"2021-05-12",1213,933,14884,3201,302,15986,602027,5221,499874,8327,89295,5248,176,NA,NA,NA,NA,818,4430,NA,NA,NA,NA,3,"ср","Wed"
"2021-05-13 11:15:00",741,1042,31,25395,"2021-05-13",1095,1042,15041,3246,379,22201,606880,4853,507555,7681,95842,NA,NA,NA,NA,NA,NA,NA,NA,NA,NA,NA,NA,4,"чт","Thu"
"2021-05-14 11:00:00",739,1164,35,24935,"2021-05-14",1229,1164,14928,3230,433,30133,615014,8134,515524,7969,101528,5248,180,NA,NA,NA,NA,784,4464,NA,NA,NA,NA,5,"пт","Fri"
"2021-05-15 11:00:00",749,1676,34,23974,"2021-05-15",1307,1676,15208,3249,407,27582,619580,4566,518527,3003,96962,5248,194,NA,NA,NA,NA,729,4519,NA,NA,NA,NA,6,"сб","Sat"
"2021-05-16 11:15:00",767,1069,36,23636,"2021-05-16",518,1069,15405,3265,446,23964,621865,2285,519656,1129,94677,5248,193,NA,NA,NA,NA,585,4663,1013,3321,96,441,7,"вс","Sun"
"2021-05-17 11:30:00",763,666,39,23694,"2021-05-17",334,666,NA,NA,339,15010,626822,4957,526303,6647,97520,5543,186,NA,NA,NA,NA,805,4738,NA,NA,NA,NA,1,"пн","Mon"
"2021-05-18 11:30:00",772,1032,43,23391,"2021-05-18",1404,1032,14384,3475,254,12955,632212,5390,533174,6871,92730,5543,189,NA,NA,NA,NA,721,4822,NA,NA,NA,NA,2,"вт","Tue"
"2021-05-19 11:00:00",784,1427,37,22711,"2021-05-19",1351,1427,14843,3556,443,18333,638252,6040,539209,6035,99870,5543,194,NA,NA,NA,NA,730,4813,NA,NA,NA,NA,3,"ср","Wed"
"2021-05-20 12:10:00",791,1501,40,21961,"2021-05-20",1293,1501,15080,3603,403,25647,643893,5641,545028,5819,96329,5992,174,NA,NA,NA,NA,1176,4816,NA,NA,NA,NA,4,"чт","Thu"
"2021-05-21 11:50:00",815,1266,43,21467,"2021-05-21",1171,1266,15604,3676,413,24114,649986,6093,550844,5816,92536,5992,178,NA,NA,NA,NA,1216,4776,NA,NA,NA,NA,5,"пт","Fri"
"2021-05-22 11:00:00",833,1327,35,20938,"2021-05-22",1485,1327,15937,3670,397,23272,652750,2746,552562,1718,89772,5992,193,NA,NA,NA,NA,1126,4866,NA,NA,NA,NA,6,"сб","Sat"
"2021-05-23 11:00:00",842,414,40,21326,"2021-05-23",476,414,16360,3714,421,23488,653932,1182,553352,790,88590,5992,188,NA,NA,NA,NA,1006,4986,1041,3610,157,807,7,"вс","Sun"
"2021-05-24 11:30:00",851,116,38,22023,"2021-05-24",312,116,NA,NA,284,14176,659835,5903,556163,2811,70570,5992,NA,NA,NA,NA,NA,942,5050,NA,NA,NA,NA,1,"пн","Mon"
"2021-05-25 11:15:00",844,1266,46,21555,"2021-05-25",1530,1266,16755,3875,270,13842,665943,6108,559976,3813,97789,5992,NA,NA,NA,NA,NA,895,5097,NA,NA,NA,NA,2,"вт","Tue"
"2021-05-26 11:00:00",839,1161,39,21194,"2021-05-26",1362,1161,16929,3948,462,20157,671816,5873,563955,3979,111736,5992,NA,NA,NA,NA,NA,889,5103,NA,NA,NA,NA,3,"ср","Wed"
"2021-05-27 11:30:00",836,1391,31,20608,"2021-05-27",1495,1391,17286,4005,404,26832,677650,5834,567538,2583,105902,5992,NA,NA,NA,NA,NA,846,5146,NA,NA,NA,NA,4,"чт","Thu"
"2021-05-28 11:20:00",840,1172,33,20243,"2021-05-28",1375,1172,17303,4098,443,25190,684087,6437,571398,3860,99465,5992,NA,NA,NA,NA,NA,861,5131,NA,NA,NA,NA,5,"пт","Fri"
"2021-05-29 11:00:00",846,1248,41,19800,"2021-05-29",1697,967,17597,4041,421,26263,687097,3010,573186,1788,96455,6142,NA,NA,NA,NA,NA,1029,5113,NA,NA,NA,NA,6,"сб","Sat"
"2021-05-30 11:00:00",829,498,39,20092,"2021-05-30",596,238,18076,3998,443,23735,688078,981,573720,534,95474,6142,127,NA,NA,NA,NA,NA,NA,999,3927,109,730,7,"вс","Sun"
"2021-05-31 11:15:00",822,813,40,20061,"2021-05-31",NA,NA,NA,NA,321,15928,694264,6186,576570,2850,89288,6142,NA,NA,NA,NA,NA,710,5432,NA,NA,NA,NA,1,"пн","Mon"
"2021-06-01 11:35:00",817,1249,38,19591,"2021-06-01",1730,1249,18700,4247,329,17334,700711,6447,580412,3842,93141,6142,NA,NA,NA,NA,NA,NA,NA,NA,NA,NA,NA,2,"вт","Tue"
"2021-06-02 11:15:00",828,1000,36,19383,"2021-06-02",1670,1000,19409,4329,510,21582,NA,NA,NA,NA,NA,NA,NA,NA,NA,NA,NA,NA,NA,NA,NA,NA,NA,3,"ср","Wed"
"2021-06-03 11:20:00",841,1239,39,18946,"2021-06-03",NA,NA,NA,NA,NA,28719,NA,NA,NA,NA,NA,NA,NA,NA,NA,NA,NA,NA,NA,NA,NA,NA,NA,4,"чт","Thu"
"2021-06-04 11:30:00",834,1052,37,18691,"2021-06-04",NA,NA,NA,NA,NA,27300,NA,NA,NA,NA,NA,NA,NA,NA,NA,NA,NA,NA,NA,NA,NA,NA,NA,5,"пт","Fri"
"2021-06-05 11:25:00",857,1103,41,18404,"2021-06-05",NA,NA,NA,NA,NA,27158,NA,NA,NA,NA,NA,NA,NA,NA,NA,NA,NA,NA,NA,NA,NA,NA,NA,6,"сб","Sat"
"2021-06-06 11:30:00",861,897,43,18325,"2021-06-06",NA,NA,NA,NA,NA,25671,722545,NA,599086,NA,NA,NA,NA,NA,NA,NA,NA,NA,NA,NA,NA,NA,NA,7,"вс","Sun"
"2021-06-07 11:30:00",854,889,40,18250,"2021-06-07",NA,NA,NA,NA,NA,17188,727760,5215,604672,5586,92682,NA,NA,NA,NA,NA,NA,NA,NA,NA,NA,NA,NA,1,"пн","Mon"
"2021-06-08 11:15:00",846,1245,49,17802,"2021-06-08",NA,NA,NA,NA,NA,19117,734139,6379,610171,5499,86303,NA,NA,NA,NA,NA,NA,NA,NA,NA,NA,NA,NA,2,"вт","Tue"
"2021-06-09 11:20:00",852,1631,48,16975,"2021-06-09",NA,NA,NA,NA,NA,24254,740227,6088,615972,5801,NA,NA,NA,NA,NA,NA,NA,NA,NA,NA,NA,NA,NA,3,"ср","Wed"
"2021-06-10 11:30:00",859,1386,43,16405,"2021-06-10",NA,NA,NA,NA,NA,31168,745540,5313,621698,5726,114502,NA,NA,NA,NA,NA,NA,NA,NA,NA,NA,NA,NA,4,"чт","Thu"
"2021-06-11 11:15:00",863,1084,45,16139,"2021-06-11",NA,NA,NA,NA,NA,31673,NA,NA,NA,NA,NA,NA,NA,NA,NA,NA,NA,NA,NA,NA,NA,NA,NA,5,"пт","Fri"
"2021-06-12 11:00:00",867,1207,45,15754,"2021-06-12",NA,NA,NA,NA,NA,35378,NA,NA,NA,NA,NA,NA,NA,NA,NA,NA,NA,NA,NA,NA,NA,NA,NA,6,"сб","Sat"
"2021-06-13 11:00:00",862,1092,48,15476,"2021-06-13",NA,NA,NA,NA,NA,27797,754465,NA,631270,NA,NA,NA,NA,NA,NA,NA,NA,NA,NA,NA,NA,NA,NA,7,"вс","Sun"
"2021-06-14 11:00:00",865,959,48,15334,"2021-06-14",NA,NA,NA,NA,NA,21610,756657,2192,634130,2860,107285,NA,NA,NA,NA,NA,NA,NA,NA,NA,NA,NA,NA,1,"пн","Mon"
"2021-06-15 11:10:00",902,913,53,15270,"2021-06-15",NA,NA,NA,NA,NA,16502,762863,6206,642759,8629,101079,NA,NA,NA,NA,NA,NA,NA,NA,NA,NA,NA,NA,2,"вт","Tue"
"2021-06-16 12:10:00",927,1437,63,14697,"2021-06-16",NA,NA,NA,NA,NA,23262,770091,7228,649187,6428,93851,NA,NA,NA,NA,NA,NA,NA,NA,NA,NA,NA,NA,3,"ср","Wed"
"2021-06-17 11:45:00",946,1757,61,13825,"2021-06-17",NA,NA,NA,NA,NA,31264,778047,7956,654850,5663,109895,NA,NA,NA,NA,NA,NA,NA,NA,NA,NA,NA,NA,4,"чт","Thu"
"2021-06-18 11:30:00",970,1455,79,13261,"2021-06-18",NA,NA,NA,NA,NA,39635,NA,NA,NA,NA,NA,NA,NA,NA,NA,NA,NA,NA,NA,NA,NA,NA,NA,5,"пт","Fri"
"2021-06-19 11:30:00",996,1379,66,12812,"2021-06-19",NA,NA,NA,NA,NA,43336,NA,NA,NA,NA,NA,NA,NA,NA,NA,NA,NA,NA,NA,NA,NA,NA,NA,6,"сб","Sat"
"2021-06-20 11:00:00",1019,439,73,13319,"2021-06-20",NA,NA,NA,NA,NA,39787,792693,NA,664772,NA,NA,NA,NA,NA,NA,NA,NA,NA,NA,NA,NA,NA,NA,7,"вс","Sun"
"2021-06-21 11:15:00",1046,425,80,13860,"2021-06-21",NA,NA,NA,NA,811,24313,801763,9070,669881,5109,150339,NA,NA,NA,NA,NA,NA,NA,NA,NA,NA,NA,NA,1,"пн","Mon"
"2021-06-22 11:15:00",1065,1872,82,12971,"2021-06-22",NA,NA,NA,NA,1156,29822,811895,10132,676001,6120,140207,NA,NA,NA,NA,NA,NA,NA,NA,NA,NA,NA,NA,2,"вт","Tue"
"2021-06-23 11:15:00",1092,1850,93,12120,"2021-06-23",NA,NA,NA,NA,1127,35694,822815,10920,681777,5776,129287,NA,NA,NA,NA,NA,NA,NA,NA,NA,NA,NA,NA,3,"ср","Wed"
"2021-06-24 11:15:00",1143,1969,99,11195,"2021-06-24",NA,NA,NA,NA,1141,40874,834932,12117,687246,5469,117170,NA,NA,NA,NA,NA,NA,NA,NA,NA,NA,NA,NA,4,"чт","Thu"
"2021-06-25 11:30:00",1194,1897,98,10394,"2021-06-25",NA,NA,NA,NA,1206,39705,848787,13855,693034,5788,208315,NA,NA,NA,NA,NA,NA,NA,NA,NA,NA,NA,NA,5,"пт","Fri"
"2021-06-26 11:15:00",1247,2333,107,9201,"2021-06-26",NA,NA,NA,NA,1180,43818,855753,6966,695348,2314,NA,NA,NA,NA,NA,NA,NA,NA,NA,NA,NA,NA,NA,6,"сб","Sat"
"2021-06-27 11:15:00",1298,1351,106,9042,"2021-06-27",NA,NA,NA,NA,908,41087,858869,3116,696191,843,200663,NA,NA,NA,NA,NA,NA,NA,NA,NA,NA,NA,NA,7,"вс","Sun"
"2021-06-28 11:30:00",1335,1304,110,8963,"2021-06-28",NA,NA,NA,NA,840,28590,872945,14076,701430,5239,186587,NA,NA,NA,NA,NA,NA,NA,NA,NA,NA,NA,NA,1,"пн","Mon"
"2021-06-29 11:20:00",1374,2283,119,7935,"2021-06-29",NA,NA,NA,NA,1134,32953,888856,15911,709962,5532,190476,NA,NA,NA,NA,NA,NA,NA,NA,NA,NA,NA,NA,2,"вт","Tue"
"2021-06-30 11:30:00",1503,1980,111,7347,"2021-06-30",NA,NA,NA,NA,1091,34541,906373,17517,712207,5245,172959,NA,NA,NA,NA,NA,NA,NA,NA,NA,NA,NA,NA,3,"ср","Wed"
"2021-07-01 11:30:00",1612,1967,115,6877,"2021-07-01",NA,NA,NA,NA,996,41946,924844,18471,716855,4648,154488,NA,NA,NA,NA,NA,NA,NA,NA,NA,NA,NA,NA,4,"чт","Thu"
"2021-07-02 11:45:00",1671,2785,101,5662,"2021-07-02",NA,NA,NA,NA,936,45788,945439,20595,722168,5313,NA,NA,NA,NA,NA,NA,NA,NA,NA,NA,NA,NA,NA,5,"пт","Fri"
"2021-07-03 11:15:00",1733,2590,110,4695,"2021-07-03",NA,NA,NA,NA,974,50396,954180,8741,724357,2189,NA,NA,NA,NA,NA,NA,NA,NA,NA,NA,NA,NA,NA,6,"сб","Sat"
"2021-07-04 11:30:00",1784,1151,104,5224,"2021-07-04",NA,NA,NA,NA,725,41118,958354,4174,725512,1155,170178,NA,NA,NA,NA,NA,NA,NA,NA,NA,NA,NA,NA,7,"вс","Sun"
"2021-07-05 11:30:00",1828,743,100,6209,"2021-07-05",NA,NA,NA,NA,613,26784,977811,19547,729052,3540,151321,NA,NA,NA,NA,NA,NA,NA,NA,NA,NA,NA,NA,1,"пн","Mon"
"2021-07-06 11:00:00",1869,2547,99,5432,"2021-07-06",NA,NA,NA,NA,819,29463,998316,20505,734869,5817,130685,NA,NA,41,41,NA,NA,NA,NA,NA,NA,NA,NA,2,"вт","Tue"
"2021-07-07 11:00:00",1906,2945,107,4286,"2021-07-07",NA,NA,NA,NA,792,33657,1020031,21715,741456,6587,109011,NA,NA,88,47,NA,NA,NA,NA,NA,NA,NA,NA,3,"ср","Wed"
"2021-07-08 11:30:00",1937,3387,101,2735,"2021-07-08",NA,NA,NA,NA,789,37625,1041564,21533,748624,7168,206878,NA,NA,136,48,NA,NA,NA,NA,NA,NA,NA,NA,4,"чт","Thu"
"2021-07-09 12:15:00",1951,3868,107,711,"2021-07-09",NA,NA,NA,NA,723,43426,1061708,20144,756510,7886,NA,NA,NA,173,37,NA,NA,NA,NA,NA,NA,NA,NA,5,"пт","Fri"
"2021-07-10 11:15:00",1978,52,102,2535,"2021-07-10",NA,NA,NA,NA,700,40496,1069800,8092,760332,3822,NA,NA,NA,206,33,NA,NA,NA,NA,NA,NA,NA,NA,6,"сб","Sat"
"2021-07-11 11:20:00",2007,975,103,3464,"2021-07-11",NA,NA,NA,NA,558,41840,1074196,4396,762103,1771,182616,NA,NA,210,NA,NA,NA,NA,NA,NA,NA,NA,NA,7,"вс","Sun"
"2021-07-12 11:00:00",2029,779,104,4610,"2021-07-12",NA,NA,NA,NA,460,18934,1092951,18755,771018,8915,164071,11467,NA,246,36,NA,NA,NA,NA,NA,NA,NA,NA,1,"пн","Mon"
"2021-07-13 11:30:00",1936,1814,108,4624,"2021-07-13",NA,NA,NA,NA,749,24967,1113515,20564,779618,8600,142507,NA,NA,290,44,NA,NA,NA,NA,NA,NA,NA,NA,2,"вт","Tue"
"2021-07-14 11:30:00",1942,1896,102,4568,"2021-07-14",NA,NA,NA,NA,656,34446,1133300,19785,789019,9401,123722,NA,NA,327,37,NA,NA,NA,NA,NA,NA,NA,NA,3,"ср","Wed"
"2021-07-15 11:15:00",1954,1926,108,4488,"2021-07-15",NA,NA,NA,NA,677,38079,1152176,19076,799252,10233,124613,NA,NA,360,33,NA,NA,NA,NA,NA,NA,NA,NA,4,"чт","Thu"
"2021-07-16 11:15:00",1948,1932,101,4403,"2021-07-16",NA,NA,NA,NA,658,39773,1172283,20107,811460,12208,NA,NA,NA,404,44,NA,NA,NA,NA,NA,NA,NA,NA,5,"пт","Fri"
"2021-07-17 11:00:00",1957,1927,105,4328,"2021-07-17",NA,NA,NA,NA,662,38618,1180488,8205,816652,5192,NA,NA,NA,419,15,NA,NA,NA,NA,NA,NA,NA,NA,6,"сб","Sat"
"2021-07-18 11:30:00",1941,459,101,5709,"2021-07-18",NA,NA,NA,NA,456,29250,1183773,3285,819039,2387,94612,NA,NA,437,18,NA,NA,NA,NA,NA,NA,NA,NA,7,"вс","Sun"
"2021-07-19 11:15:00",1938,1298,102,6247,"2021-07-19",NA,NA,NA,NA,502,21439,1197191,15418,831817,12778,160129,NA,NA,502,65,10,2,NA,NA,NA,NA,NA,NA,1,"пн","Mon"
"2021-07-20 11:15:00",1934,1894,98,6189,"2021-07-20",NA,NA,NA,NA,547,23200,1212653,15462,845030,13213,144617,11097,NA,552,51,19,9,2890,8207,NA,NA,NA,NA,2,"вт","Tue"
"2021-07-21 11:30:00",1939,1928,103,6097,"2021-07-21",NA,NA,NA,NA,502,28379,1227496,14843,860638,15608,129740,NA,NA,586,65,24,5,NA,NA,NA,NA,NA,NA,3,"ср","Wed"
"2021-07-22 11:30:00",1943,1931,95,6014,"2021-07-22",NA,NA,NA,NA,446,35982,1243497,16001,876643,16005,114325,NA,NA,645,51,28,5,NA,NA,NA,NA,NA,NA,4,"чт","Thu"
"2021-07-23 11:15:00",1940,1937,68,5949,"2021-07-23",NA,NA,NA,NA,455,30923,1258577,15080,894562,17919,NA,NA,NA,NA,NA,NA,NA,NA,NA,NA,NA,NA,NA,5,"пт","Fri"
"2021-07-24 11:30:00",1937,1931,73,5882,"2021-07-24",NA,NA,NA,NA,441,37576,1264519,5942,902299,7737,NA,NA,NA,NA,NA,NA,NA,NA,NA,NA,NA,NA,NA,6,"сб","Sat"
"2021-07-25 11:30:00",1934,1929,77,5810,"2021-07-25",NA,NA,NA,NA,285,31330,1267441,2922,906133,3834,89612,NA,NA,769,10,33,2,NA,NA,NA,NA,NA,NA,7,"вс","Sun"
"2021-07-26 11:15:00",1929,1298,70,6371,"2021-07-26",NA,NA,NA,NA,316,22153,1280228,12787,923687,17544,116038,NA,NA,839,70,37,4,NA,NA,NA,NA,NA,NA,1,"пн","Mon"
"2021-07-27 11:30:00",1923,1918,62,6314,"2021-07-27",NA,NA,NA,NA,530,19698,1293161,12933,941343,17656,125320,NA,NA,861,24,49,12,NA,NA,NA,NA,NA,NA,2,"вт","Tue"
"2021-07-28 11:30:00",1918,1972,68,6192,"2021-07-28",NA,NA,NA,NA,NA,26268,1305648,12487,960153,18810,112642,NA,NA,939,74,59,10,NA,NA,NA,NA,NA,NA,3,"ср","Wed"
"2021-07-29 11:30:00",1925,1987,64,6066,"2021-07-29",NA,NA,NA,NA,NA,31243,1316789,11141,979700,19547,NA,NA,NA,1297,358,NA,NA,NA,NA,NA,NA,NA,NA,4,"чт","Thu"
"2021-07-30 11:45:00",1916,1965,67,5950,"2021-07-30",NA,NA,NA,NA,NA,32350,1328491,11702,1000237,20537,181279,NA,NA,NA,NA,NA,NA,NA,NA,NA,NA,NA,NA,5,"пт","Fri"
"2021-07-31 11:30:00",1915,1931,74,5860,"2021-07-31",NA,NA,NA,NA,NA,29099,NA,NA,NA,NA,NA,NA,NA,NA,NA,NA,NA,NA,NA,NA,NA,NA,NA,6,"сб","Sat"
"2021-08-01 11:20:00",1911,1700,67,6004,"2021-08-01",NA,NA,NA,NA,NA,32262,NA,NA,NA,NA,NA,NA,NA,NA,NA,NA,NA,NA,NA,NA,NA,NA,NA,7,"вс","Sun"
"2021-08-02 11:00:00",1914,835,60,7023,"2021-08-02",NA,NA,NA,NA,NA,20299,1334850,NA,1012316,NA,NA,NA,NA,NA,NA,NA,NA,NA,NA,NA,NA,NA,NA,1,"пн","Mon"
"2021-08-03 11:00:00",1910,1923,55,6955,"2021-08-03",NA,NA,57052,NA,186,20285,1322534,1984,1012316,4371,174869,8366,274,NA,NA,NA,NA,NA,6212,NA,NA,NA,NA,2,"вт","Tue"
"2021-08-04 11:10:00",1906,1971,54,6836,"2021-08-04",NA,NA,55292,NA,245,24939,1310566,8102,1032386,20070,159742,8366,265,NA,NA,NA,NA,NA,6060,NA,NA,NA,NA,3,"ср","Wed"
"2021-08-05 11:00:00",1911,1998,45,6704,"2021-08-05",NA,NA,53730,NA,285,30403,1349005,6053,1055154,22768,285938,8366,574,NA,NA,NA,NA,NA,5903,NA,NA,NA,NA,4,"чт","Thu"
"2021-08-06 11:15:00",1909,2043,44,6526,"2021-08-06",NA,NA,52654,NA,290,29733,1372785,4764,1080752,25598,273954,8366,266,NA,NA,NA,NA,NA,5779,NA,NA,NA,NA,5,"пт","Fri"
"2021-08-07 12:00:00",1904,2026,53,6351,"2021-08-07",NA,NA,51717,NA,290,29273,1384884,5521,1105611,24859,261728,8366,257,NA,NA,NA,NA,NA,5613,NA,NA,NA,NA,6,"сб","Sat"
"2021-08-08 11:20:00",1907,975,45,7238,"2021-08-08",NA,NA,51398,NA,234,25324,1366738,7448,1129738,23767,248301,8366,253,NA,NA,NA,NA,NA,5567,NA,NA,NA,NA,7,"вс","Sun"
"2021-08-09 11:15:00",1895,804,40,8289,"2021-08-09",NA,NA,51058,NA,176,20576,1403925,3666,1137407,8029,242420,7142,247,NA,NA,NA,NA,NA,5579,NA,NA,NA,NA,1,"пн","Mon"
"2021-08-10 11:15:00",1811,1972,49,8079,"2021-08-10",NA,NA,49734,NA,175,17737,1407018,1924,1141657,4259,263285,6977,230,NA,NA,NA,NA,NA,5481,NA,NA,NA,NA,2,"вт","Tue"
"2021-08-11 11:15:00",1804,2031,43,7809,"2021-08-11",NA,NA,48113,NA,300,21706,1418855,7341,1160527,18870,251245,6977,230,NA,NA,NA,NA,NA,5303,NA,NA,NA,NA,3,"ср","Wed"
"2021-08-12 11:20:00",1801,2289,48,7273,"2021-08-12",NA,NA,47428,NA,305,30910,1387027,7358,1180566,20039,306324,6777,235,NA,NA,NA,NA,NA,5142,NA,NA,NA,NA,4,"чт","Thu"
"2021-08-13 11:20:00",1810,2001,42,7040,"2021-08-13",NA,NA,45874,NA,276,27160,1394539,7512,1201029,20463,293145,6777,219,NA,NA,NA,NA,NA,5002,NA,NA,NA,NA,5,"пт","Fri"
"2021-08-14 11:15:00",1823,1899,48,6916,"2021-08-14",NA,NA,43458,NA,273,25135,1402277,7738,1222113,21084,279262,6777,216,NA,NA,NA,NA,NA,4841,NA,NA,NA,NA,6,"сб","Sat"
"2021-08-15 11:15:00",1668,1561,43,6980,"2021-08-15",NA,NA,42375,NA,203,26302,1409538,7261,1241830,19717,266478,6735,227,NA,NA,NA,NA,NA,4860,NA,NA,NA,NA,7,"вс","Sun"
"2021-08-16 11:20:00",1383,1794,44,6525,"2021-08-16",NA,NA,41208,NA,145,18502,1412331,2793,1248896,7066,261693,6643,230,NA,NA,NA,NA,NA,4957,NA,NA,NA,NA,1,"пн","Mon"
"2021-08-17 11:30:00",1156,1316,52,6313,"2021-08-17",NA,NA,38099,NA,178,17249,1414122,1791,1252326,3430,258758,6643,206,NA,NA,NA,NA,NA,4833,NA,NA,NA,NA,2,"вт","Tue"
"2021-08-18 11:30:00",1636,1786,40,6123,"2021-08-18",NA,NA,34720,NA,256,21433,1420721,6599,1269829,17503,247283,6643,197,NA,NA,NA,NA,NA,4614,NA,NA,NA,NA,3,"ср","Wed"
"2021-08-19 11:45:00",1563,5355,32,2299,"2021-08-19",NA,NA,31404,NA,276,27890,1427464,6743,1288055,18226,235520,6643,192,NA,NA,NA,NA,NA,4535,NA,NA,NA,NA,4,"чт","Thu"
"2021-08-20 11:20:00",1691,1846,39,2105,"2021-08-20",NA,NA,29253,NA,277,26711,1433355,5891,1306703,18648,401401,6643,177,NA,NA,NA,NA,NA,4344,NA,NA,NA,NA,5,"пт","Fri"
"2021-08-21 11:00:00",1665,1823,38,1909,"2021-08-21",NA,NA,28447,NA,235,26344,1439344,5989,1324191,17488,389904,6373,178,NA,NA,NA,NA,NA,4068,NA,NA,NA,NA,6,"сб","Sat"
"2021-08-22 11:15:00",1481,440,39,2911,"2021-08-22",NA,NA,28597,NA,220,23001,1445283,5939,1342347,18156,378510,6373,173,NA,NA,NA,NA,NA,4158,NA,NA,NA,NA,7,"вс","Sun"
"2021-08-23 11:45:00",691,876,38,2688,"2021-08-23",NA,NA,28678,NA,176,16430,1447715,2432,1348415,6068,373946,6373,182,NA,NA,NA,NA,NA,4281,NA,NA,NA,NA,1,"пн","Mon"
"2021-08-24 11:30:00",600,801,39,2448,"2021-08-24",NA,NA,27817,NA,160,16945,1449025,1310,1351180,2765,451303,5838,182,NA,NA,NA,NA,NA,4102,NA,NA,NA,NA,2,"вт","Tue"
"2021-08-25 11:30:00",1385,892,30,2911,"2021-08-25",NA,NA,26775,NA,251,20528,1453827,4802,1364961,13781,441096,5838,161,NA,NA,NA,NA,NA,4060,NA,NA,NA,NA,3,"ср","Wed"
"2021-08-26 11:55:00",1301,923,38,3251,"2021-08-26",NA,NA,25226,NA,247,27073,1458772,4945,1378805,13844,429792,5591,154,NA,NA,NA,NA,NA,3935,NA,NA,NA,NA,4,"чт","Thu"
"2021-08-27 11:00:00",1395,1296,33,3317,"2021-08-27",NA,NA,24538,NA,236,25778,1464017,5245,1391175,12370,488075,5591,161,NA,NA,NA,NA,NA,3820,NA,NA,NA,NA,5,"пт","Fri"
"2021-08-28 11:30:00",1406,1378,36,3309,"2021-08-28",NA,NA,24324,NA,232,25671,1469231,5214,1403717,12542,476562,5591,159,NA,NA,NA,NA,NA,3705,NA,NA,NA,NA,6,"сб","Sat"
"2021-08-29 12:00:00",1318,657,38,3932,"2021-08-29",NA,NA,24373,NA,195,25000,1474215,4984,1418016,14299,561991,5591,157,NA,NA,NA,NA,NA,3786,NA,NA,NA,NA,7,"вс","Sun"
"2021-08-30 11:30:00",549,562,35,3884,"2021-08-30",NA,NA,24162,NA,127,16346,1476252,2037,1423165,5149,557661,5591,160,NA,NA,NA,NA,NA,3912,NA,NA,NA,NA,1,"пн","Mon"
"2021-08-31 11:30:00",513,1366,31,3000,"2021-08-31",NA,NA,23236,NA,175,17877,1477339,1087,1426035,2870,635723,5591,158,NA,NA,NA,NA,NA,3815,NA,NA,NA,NA,2,"вт","Tue"
"2021-09-01 11:30:00",1312,1039,34,3239,"2021-09-01",NA,NA,22699,NA,265,22085,1481860,4521,1439618,13583,625599,5256,156,NA,NA,NA,NA,NA,3749,NA,NA,NA,NA,3,"ср","Wed"
"2021-09-02 11:30:00",1330,1296,37,3236,"2021-09-02",NA,NA,21916,NA,247,29215,1486073,4213,1451951,12333,615545,5163,147,NA,NA,NA,NA,NA,3674,NA,NA,NA,NA,4,"чт","Thu"
"2021-09-03 11:30:00",1437,1403,38,3232,"2021-09-03",NA,NA,21681,NA,259,27102,1627778,8131,1462545,10594,606829,5163,136,NA,NA,NA,NA,NA,3559,NA,NA,NA,NA,5,"пт","Fri"
"2021-09-04 11:00:00",1494,1228,35,3463,"2021-09-04",NA,NA,21898,NA,243,26803,1494083,4257,1475507,12962,597176,5163,135,NA,NA,NA,NA,NA,3522,NA,NA,NA,NA,6,"сб","Sat"
"2021-09-05 11:00:00",1357,431,36,4353,"2021-09-05",NA,NA,21869,NA,210,24455,1498236,4153,1488534,13027,651481,5163,135,NA,NA,NA,NA,NA,3579,NA,NA,NA,NA,7,"вс","Sun"
"2021-09-06 11:00:00",690,590,40,4413,"2021-09-06",NA,NA,21666,NA,176,14077,1499906,1670,1493667,5133,647128,5163,145,NA,NA,NA,NA,NA,3668,NA,NA,NA,NA,1,"пн","Mon"
"2021-09-07 11:40:00",626,859,37,4143,"2021-09-07",NA,NA,21630,NA,178,16966,1500754,848,1495904,2237,649842,5163,143,NA,NA,NA,NA,NA,3649,NA,NA,NA,NA,2,"вт","Tue"
"2021-09-08 11:45:00",1430,963,37,4573,"2021-09-08",NA,NA,21366,NA,290,20917,1503881,3127,1506578,10674,669611,5163,152,NA,NA,NA,NA,NA,3635,NA,NA,NA,NA,3,"ср","Wed"
"2021-09-09 11:30:00",1380,1138,27,4788,"2021-09-09",NA,NA,21521,NA,271,27136,1507439,3558,1517533,10955,661111,5163,137,NA,NA,NA,NA,NA,3655,NA,NA,NA,NA,4,"чт","Thu"
"2021-09-10 11:30:00",1504,1143,32,5117,"2021-09-10",NA,NA,21655,NA,288,31148,1510631,3192,1528627,11094,661111,5163,129,NA,NA,NA,NA,NA,3697,NA,NA,NA,NA,5,"пт","Fri"
"2021-09-11 11:30:00",1629,1255,39,5452,"2021-09-11",NA,NA,21771,NA,310,29285,1513802,3171,1539177,10550,649507,5163,130,NA,NA,NA,NA,NA,3613,NA,NA,NA,NA,6,"сб","Sat"
"2021-09-12 11:50:00",1597,292,42,6715,"2021-09-12",NA,NA,21830,NA,208,27939,1517322,3520,1550604,11427,640246,5163,136,NA,NA,NA,NA,NA,3635,NA,NA,NA,NA,7,"вс","Sun"
"2021-09-13 11:30:00",805,262,39,7219,"2021-09-13",NA,NA,21865,NA,166,17600,1518736,1414,1554838,4234,636563,5163,149,NA,NA,NA,NA,NA,3707,NA,NA,NA,NA,1,"пн","Mon"
"2021-09-14 11:30:00",839,702,37,7319,"2021-09-14",NA,NA,22284,NA,193,18008,1519422,686,1556932,2094,634623,5163,140,NA,NA,NA,NA,NA,3699,NA,NA,NA,NA,2,"вт","Tue"
"2021-09-15 11:15:00",1609,902,38,7988,"2021-09-15",NA,NA,22910,NA,300,22006,1522304,2882,1565916,8984,626836,5163,156,NA,NA,NA,NA,NA,3832,NA,NA,NA,NA,3,"ср","Wed"
"2021-09-16 11:30:00",1653,1017,39,8585,"2021-09-16",NA,NA,23345,NA,349,32152,1525391,3087,1575623,9707,618938,5163,153,NA,NA,NA,NA,NA,4033,NA,NA,NA,NA,4,"чт","Thu"
"2021-09-17 11:15:00",1738,1061,39,9223,"2021-09-17",NA,NA,24014,NA,333,30753,1528520,3129,1584828,9205,611039,5313,158,NA,NA,NA,NA,NA,4110,NA,NA,NA,NA,5,"пт","Fri"
"2021-09-18 11:30:00",1791,1128,36,9850,"2021-09-18",NA,NA,24678,NA,344,27869,1531364,2844,1593836,9008,603415,5313,153,NA,NA,NA,NA,NA,4183,NA,NA,NA,NA,6,"сб","Sat"
"2021-09-19 11:45:00",1834,501,40,11143,"2021-09-19",NA,NA,24718,NA,257,25656,1534800,3436,1602877,9051,595345,5313,156,NA,NA,NA,NA,NA,4215,NA,NA,NA,NA,7,"вс","Sun"
"2021-09-20 11:45:00",1137,179,37,12064,"2021-09-20",NA,NA,24959,NA,211,21170,1536151,1351,1606628,3741,613505,5313,163,NA,NA,NA,NA,NA,4372,NA,NA,NA,NA,1,"пн","Mon"
"2021-09-21 11:40:00",1060,768,42,12314,"2021-09-21",NA,NA,25258,NA,230,19308,1536888,737,1608321,1693,611924,5313,156,NA,NA,NA,NA,NA,4361,NA,NA,NA,NA,2,"вт","Tue"
"2021-09-22 11:45:00",1521,821,43,12971,"2021-09-22",NA,NA,25438,NA,333,25176,1540084,3196,1616887,8556,759137,5313,152,NA,NA,NA,NA,NA,4472,NA,NA,NA,NA,3,"ср","Wed"
"2021-09-23 11:40:00",1698,954,53,13662,"2021-09-23",NA,NA,25385,NA,355,34279,1543178,3094,1624846,7959,751986,5863,160,NA,NA,NA,NA,NA,4473,NA,NA,NA,NA,4,"чт","Thu"
"2021-09-24 11:45:00",1874,1324,59,14153,"2021-09-24",NA,NA,25828,NA,348,31107,1546543,3365,1632391,7545,744618,5863,178,NA,NA,NA,NA,NA,4522,NA,NA,NA,NA,5,"пт","Fri"
"2021-09-25 11:45:00",1907,1508,50,14502,"2021-09-25",NA,NA,26412,NA,355,28005,1550071,3528,1641321,8930,736344,5863,177,NA,NA,NA,NA,NA,4602,NA,NA,NA,NA,6,"сб","Sat"
"2021-09-26 11:30:00",2055,370,56,16131,"2021-09-26",NA,NA,26857,NA,355,27989,1553248,3177,1649300,7979,728525,5863,195,NA,NA,NA,NA,NA,4764,NA,NA,NA,NA,7,"вс","Sun"
"2021-09-27 11:30:00",1527,526,55,17077,"2021-09-27",NA,NA,27039,NA,309,17623,1554722,1474,1652961,3661,724819,5863,199,NA,NA,NA,NA,NA,4966,NA,NA,NA,NA,1,"пн","Mon"
"2021-09-28 11:30:00",1530,1850,58,16699,"2021-09-28",NA,NA,27043,NA,244,18241,1555409,687,1654830,1869,722954,5863,172,NA,NA,NA,NA,NA,4970,NA,NA,NA,NA,2,"вт","Tue"
"2021-09-29 11:45:00",1933,1890,60,16682,"2021-09-29",NA,NA,27634,NA,365,25034,1558408,2999,1662647,7184,715080,5863,193,NA,NA,NA,NA,NA,5040,NA,NA,NA,NA,3,"ср","Wed"
"2021-09-30 11:55:00",2077,1926,56,16777,"2021-09-30",NA,NA,28125,NA,484,34712,1561482,3074,1670676,8029,907435,5863,218,NA,NA,NA,NA,NA,5108,NA,NA,NA,NA,4,"чт","Thu"
"2021-10-01 11:15:00",2281,1947,55,17056,"2021-10-01",NA,NA,29322,NA,450,30967,1564774,3292,1678787,8111,899093,6852,231,NA,NA,NA,NA,NA,5274,NA,NA,NA,NA,5,"пт","Fri"
"2021-10-02 11:30:00",2494,1174,59,18317,"2021-10-02",NA,NA,30325,NA,451,31033,1568169,3395,1686749,7962,909131,6852,235,NA,NA,NA,NA,NA,5281,NA,NA,NA,NA,6,"сб","Sat"
"2021-10-03 11:45:00",2463,444,59,20277,"2021-10-03",NA,NA,30893,NA,388,27352,1571411,3242,1694976,8227,900790,6852,239,NA,NA,NA,NA,NA,5467,NA,NA,NA,NA,7,"вс","Sun"
"2021-10-04 11:45:00",2198,377,60,22038,"2021-10-04",NA,NA,31064,NA,275,18992,1572724,1313,1697908,2932,897576,6852,255,NA,NA,NA,NA,NA,5648,NA,NA,NA,NA,1,"пн","Mon"
"2021-10-05 11:30:00",1894,1567,58,22307,"2021-10-05",NA,NA,32014,NA,258,19319,1573373,649,1699274,1366,895945,6852,249,NA,NA,NA,NA,NA,5747,NA,NA,NA,NA,2,"вт","Tue"
"2021-10-06 11:30:00",2187,1675,55,22764,"2021-10-06",NA,NA,32810,NA,437,26375,1576593,3220,1706151,6877,888495,7396,249,NA,NA,NA,NA,NA,5889,NA,NA,NA,NA,3,"ср","Wed"
"2021-10-07 11:40:00",2418,1748,60,23374,"2021-10-07",NA,NA,33596,NA,505,35208,1579965,3372,1714556,8405,879958,7506,254,NA,NA,NA,NA,NA,5896,NA,NA,NA,NA,4,"чт","Thu"
"2021-10-08 11:40:00",2501,2022,61,23792,"2021-10-08",NA,NA,34631,NA,443,30795,1583387,3422,1721660,7104,871581,7906,257,NA,NA,NA,NA,NA,6083,NA,NA,NA,NA,5,"пт","Fri"
"2021-10-09 11:45:00",2717,1878,61,24570,"2021-10-09",NA,NA,35896,NA,513,31781,1586792,3405,1729074,7414,863026,8326,250,NA,NA,NA,NA,NA,6107,NA,NA,NA,NA,6,"сб","Sat"
"2021-10-10 11:20:00",2822,446,64,26882,"2021-10-10",NA,NA,36321,NA,396,26951,1591276,4484,1737667,8593,852765,8326,259,NA,NA,NA,NA,NA,6284,NA,NA,NA,NA,7,"вс","Sun"
"2021-10-11 11:30:00",2931,371,63,29379,"2021-10-11",NA,NA,36712,NA,333,23927,1593156,1880,1741554,3887,899012,8326,266,NA,NA,NA,NA,NA,6533,NA,NA,NA,NA,1,"пн","Mon"
"2021-10-12 11:30:00",2158,2459,62,29016,"2021-10-12",NA,NA,37701,NA,309,20746,1594168,1880,1743313,1759,899012,8326,269,NA,NA,NA,NA,NA,6631,NA,NA,NA,NA,2,"вт","Tue"
"2021-10-13 11:45:00",2470,1984,65,29437,"2021-10-13",NA,NA,38590,NA,436,20393,1597967,3799,1751056,7743,937615,8326,265,NA,NA,NA,NA,NA,6694,NA,NA,NA,NA,3,"ср","Wed"
"2021-10-14 11:55:00",2345,2004,67,29711,"2021-10-14",NA,NA,39497,NA,555,37231,1602611,4644,1758787,7731,927334,8326,283,NA,NA,NA,NA,NA,6863,NA,NA,NA,NA,4,"чт","Thu"
"2021-10-15 11:55:00",2632,2359,62,29922,"2021-10-15",NA,NA,40450,NA,493,34422,1606863,4252,1766778,7991,917161,8326,301,NA,NA,NA,NA,NA,6975,NA,NA,NA,NA,5,"пт","Fri"
"2021-10-16 11:15:00",3088,2245,67,30698,"2021-10-16",NA,NA,41633,NA,513,35093,1611724,4861,1776083,9305,905626,9482,299,NA,NA,NA,NA,NA,6979,NA,NA,NA,NA,6,"сб","Sat"
"2021-10-17 11:30:00",3323,924,65,33032,"2021-10-17",NA,NA,41850,NA,435,33968,1616683,4959,1785232,9149,893863,9488,313,NA,NA,NA,NA,NA,7175,NA,NA,NA,NA,7,"вс","Sun"
"2021-10-18 11:30:00",3097,340,67,35722,"2021-10-18",NA,NA,42372,NA,396,21241,1619324,2641,1789671,4439,887662,9488,324,NA,NA,NA,NA,NA,7413,NA,NA,NA,NA,1,"пн","Mon"
"2021-10-19 11:30:00",3220,3096,68,35778,"2021-10-19",NA,NA,43328,NA,354,22245,1621090,1766,1792435,2764,883697,9488,342,NA,NA,NA,NA,NA,7448,NA,NA,NA,NA,2,"вт","Tue"
"2021-10-20 11:30:00",3274,3083,62,35907,"2021-10-20",NA,NA,44116,NA,499,28340,1625828,4738,1800829,8394,844003,9488,356,NA,NA,NA,NA,NA,7523,NA,NA,NA,NA,3,"ср","Wed"
"2021-10-21 11:30:00",3280,2987,68,36132,"2021-10-21",NA,NA,44342,NA,587,40415,1632533,6705,1811029,10200,828551,9488,372,NA,NA,NA,NA,NA,7639,NA,NA,NA,NA,4,"чт","Thu"
"2021-10-22 11:30:00",3233,3123,67,36175,"2021-10-22",NA,NA,44797,NA,542,37511,1640443,7910,1823239,12210,810287,9488,393,NA,NA,NA,NA,NA,7699,NA,NA,NA,NA,5,"пт","Fri"
"2021-10-23 11:00:00",3360,2887,67,36581,"2021-10-23",NA,NA,45346,NA,572,38216,1648613,8170,1835473,12234,792659,9488,397,NA,NA,NA,NA,NA,7683,NA,NA,NA,NA,6,"сб","Sat"
"2021-10-24 11:15:00",3297,1235,69,38574,"2021-10-24",NA,NA,45327,NA,413,35994,1658290,9677,1848685,13212,771114,9488,398,NA,NA,NA,NA,NA,7656,NA,NA,NA,NA,7,"вс","Sun"
"2021-10-25 11:30:00",2693,1102,65,40100,"2021-10-25",NA,NA,45450,NA,342,23321,1663388,5098,1800829,5953,844003,9488,385,NA,NA,NA,NA,NA,7767,NA,NA,NA,NA,1,"пн","Mon"
"2021-10-26 11:30:00",2735,2929,72,39834,"2021-10-26",NA,NA,46307,NA,326,24233,1666781,3393,1857638,3000,754158,9488,379,NA,NA,NA,NA,NA,7974,NA,NA,NA,NA,2,"вт","Tue"
"2021-10-27 11:30:00",2913,3221,74,39452,"2021-10-27",NA,NA,46264,NA,528,28716,1677707,10926,1867864,10226,734647,9488,371,NA,NA,NA,NA,NA,7969,NA,NA,NA,NA,3,"ср","Wed"
"2021-10-28 11:00:00",3186,3154,70,39414,"2021-10-28",NA,NA,46313,NA,525,41225,1690559,12852,1876591,8727,714085,9488,363,NA,NA,NA,NA,NA,7870,NA,NA,NA,NA,4,"чт","Thu"
"2021-10-29 11:40:00",3452,3417,76,39373,"2021-10-29",NA,NA,46813,NA,553,39344,1703494,12935,1886216,9625,693244,9488,368,NA,NA,NA,NA,NA,7845,NA,NA,NA,NA,5,"пт","Fri"
"2021-10-30 12:05:00",3578,2604,76,40271,"2021-10-30",NA,NA,47123,NA,538,36461,1718567,15073,1894327,8111,671874,9488,386,NA,NA,NA,NA,NA,7808,NA,NA,NA,NA,6,"сб","Sat"
"2021-10-31 11:30:00",3597,1884,82,41902,"2021-10-31",NA,NA,47195,NA,504,31329,1734600,16033,1901917,7590,704202,9488,366,NA,NA,NA,NA,NA,7782,NA,NA,NA,NA,7,"вс","Sun"
"2021-11-01 11:40:00",3250,1095,85,43972,"2021-11-01",NA,NA,47729,NA,436,26535,1744330,9730,1904913,2996,692478,9488,379,NA,NA,NA,NA,NA,7989,NA,NA,NA,NA,1,"пн","Mon"
"2021-11-02 11:40:00",3066,3134,83,43821,"2021-11-02",NA,NA,46573,NA,341,24883,1751660,7330,1906403,1490,784038,9488,372,NA,NA,NA,NA,NA,7969,NA,NA,NA,NA,2,"вт","Tue"
"2021-11-03 11:45:00",3269,3326,86,43678,"2021-11-03",NA,NA,46758,NA,507,31156,1767860,16200,1912458,6055,779607,9488,365,NA,NA,NA,NA,NA,7973,NA,NA,NA,NA,3,"ср","Wed"
"2021-11-04 11:00:00",3271,3354,75,43520,"2021-11-04",NA,NA,47068,NA,472,38263,1783885,16025,1918751,6293,759732,9488,377,NA,NA,NA,NA,NA,7852,NA,NA,NA,NA,4,"чт","Thu"
"2021-11-05 11:00:00",3363,1640,89,45154,"2021-11-05",NA,NA,47868,NA,454,33347,1798517,14632,1927103,8352,738831,9488,373,NA,NA,NA,NA,NA,7959,NA,NA,NA,NA,5,"пт","Fri"
"2021-11-06 11:30:00",3138,3300,86,44906,"2021-11-06",NA,NA,48066,NA,439,22156,1806029,7512,1932761,5658,728694,9488,380,NA,NA,NA,NA,NA,7806,NA,NA,NA,NA,6,"сб","Sat"
"2021-11-07 11:00:00",2551,1357,83,46017,"2021-11-07",NA,NA,48791,NA,366,24365,1812916,6887,1939167,6406,716918,9488,387,NA,NA,NA,NA,NA,7797,NA,NA,NA,NA,7,"вс","Sun"
"2021-11-08 11:30:00",2597,1138,85,47391,"2021-11-08",NA,NA,48971,NA,314,17517,1819624,6708,1944500,5333,705986,9488,390,NA,NA,NA,NA,NA,7909,NA,NA,NA,NA,1,"пн","Mon"
"2021-11-09 11:30:00",2680,3154,88,46829,"2021-11-09",NA,NA,49292,NA,339,23546,1825601,5977,1948577,4077,696524,9488,362,NA,NA,NA,NA,NA,7875,NA,NA,NA,NA,2,"вт","Tue"
"2021-11-10 11:45:00",2942,2825,82,46864,"2021-11-10",NA,NA,49121,NA,425,32895,1837182,11581,1959562,10985,676900,9488,364,NA,NA,NA,NA,NA,7817,NA,NA,NA,NA,3,"ср","Wed"
"2021-11-11 11:40:00",3230,3118,85,46891,"2021-11-11",NA,NA,49043,NA,440,45315,1850141,12959,1971398,11836,655690,9488,374,NA,NA,NA,NA,NA,7818,NA,NA,NA,NA,4,"чт","Thu"
"2021-11-12 11:30:00",3421,3796,75,46441,"2021-11-12",NA,NA,48490,NA,390,38720,1863290,13149,1983695,12297,634271,9488,363,NA,NA,NA,NA,NA,7707,NA,NA,NA,NA,5,"пт","Fri"
"2021-11-13 11:30:00",3273,3882,70,45762,"2021-11-13",NA,NA,47888,NA,484,35245,1878134,14844,1999037,15342,608803,9488,383,NA,NA,NA,NA,NA,7562,NA,NA,NA,NA,6,"сб","Sat"
"2021-11-14 11:00:00",3144,1575,80,47251,"2021-11-14",NA,NA,47904,NA,368,32775,1894385,16251,2014848,15811,608264,9488,366,NA,NA,NA,NA,NA,7573,NA,NA,NA,NA,7,"вс","Sun"
"2021-11-15 11:40:00",2968,1144,77,48998,"2021-11-15",NA,NA,47535,NA,284,19627,1902499,8114,2021726,NA,596484,9488,371,NA,NA,NA,NA,NA,7498,NA,NA,NA,NA,1,"пн","Mon"
"2021-11-16 12:10:00",3131,3419,78,48632,"2021-11-16",NA,NA,46564,NA,242,15960,1908530,6031,2025384,3658,588292,9488,330,NA,NA,NA,NA,NA,7407,NA,NA,NA,NA,2,"вт","Tue"
"2021-11-17 11:10:00",2793,2573,84,48768,"2021-11-17",NA,NA,45557,NA,397,28458,1923245,14715,2038860,NA,566199,9488,334,NA,NA,NA,NA,NA,7217,NA,NA,NA,NA,3,"ср","Wed"
"2021-11-18 11:15:00",2645,3849,79,47485,"2021-11-18",NA,NA,44882,NA,428,32830,1937378,14133,2052908,14048,544705,8888,342,NA,NA,NA,NA,NA,7027,NA,NA,NA,NA,4,"чт","Thu"
"2021-11-19 11:15:00",2714,4425,77,45697,"2021-11-19",NA,NA,44055,NA,405,31780,1954562,17184,2067857,14949,521010,8888,346,NA,NA,NA,NA,NA,6917,NA,NA,NA,NA,5,"пт","Fri"
"2021-11-20 11:10:00",2637,4177,75,44082,"2021-11-20",NA,NA,43150,NA,429,31627,1970996,16434,2083014,15157,498203,8888,344,NA,NA,NA,NA,NA,6658,NA,NA,NA,NA,6,"сб","Sat"
"2021-11-21 11:00:00",2496,1614,74,44890,"2021-11-21",NA,NA,42765,NA,329,29256,1988823,17827,2100375,17361,475185,8888,357,NA,NA,NA,NA,NA,6739,NA,NA,NA,NA,7,"вс","Sun"
"2021-11-22 11:45:00",2215,1073,77,45955,"2021-11-22",NA,NA,42747,NA,277,16477,1997840,9017,2108890,8515,763469,8888,359,NA,NA,NA,NA,NA,6765,NA,NA,NA,NA,1,"пн","Mon"
"2021-11-23 11:40:00",1060,4837,76,42102,"2021-11-23",NA,NA,41477,NA,280,19261,2003983,6143,2113775,4885,755974,8888,320,NA,NA,NA,NA,NA,6706,NA,NA,NA,NA,2,"вт","Tue"
"2021-11-24 11:40:00",1387,3147,73,40269,"2021-11-24",NA,NA,40252,NA,368,26580,2018319,14336,2130349,16574,741686,8888,322,NA,NA,NA,NA,NA,6520,NA,NA,NA,NA,3,"ср","Wed"
"2021-11-25 11:30:00",1538,4912,65,36830,"2021-11-25",NA,NA,38642,NA,392,35762,2032616,14297,2148327,17978,721365,8149,312,NA,NA,NA,NA,NA,6217,NA,NA,NA,NA,4,"чт","Thu"
"2021-11-26 11:10:00",1704,3455,64,35015,"2021-11-26",NA,NA,37643,NA,384,32493,2045594,12978,2167358,NA,700414,8149,306,NA,NA,NA,NA,NA,5984,NA,NA,NA,NA,5,"пт","Fri"
"2021-11-27 11:30:00",1879,3316,70,33508,"2021-11-27",NA,NA,37079,NA,445,32447,2059423,13829,2183327,NA,785121,8149,298,NA,NA,NA,NA,NA,5964,NA,NA,NA,NA,6,"сб","Sat"
"2021-11-28 11:40:00",2072,1082,68,34430,"2021-11-28",NA,NA,37268,NA,332,29325,2073441,14018,2199433,16106,760970,8149,278,NA,NA,NA,NA,NA,6054,NA,NA,NA,NA,7,"вс","Sun"
"2021-11-29 11:40:00",2181,926,66,35619,"2021-11-29",NA,NA,37038,NA,249,19198,2079385,5944,2208945,13527,750682,8149,296,NA,NA,NA,NA,NA,6130,NA,NA,NA,NA,1,"пн","Mon"
"2021-11-30 11:30:00",2103,2554,69,35099,"2021-11-30",NA,NA,35886,NA,249,19868,2083896,4511,2214540,5595,742724,8149,274,NA,NA,NA,NA,NA,6009,NA,NA,NA,NA,2,"вт","Tue"
"2021-12-01 11:40:00",2419,2769,59,34690,"2021-12-01",NA,NA,34967,NA,360,28226,2094723,10827,2232572,18032,811471,7949,286,NA,NA,NA,NA,NA,5916,NA,NA,NA,NA,3,"ср","Wed"
"2021-12-02 11:30:00",2623,3106,57,34150,"2021-12-02",NA,NA,34796,NA,403,37381,2105908,11185,2250406,17834,780434,7949,289,NA,NA,NA,NA,NA,5878,NA,NA,NA,NA,4,"чт","Thu"
"2021-12-03 10:50:00",2609,4023,60,32676,"2021-12-03",NA,NA,34498,NA,417,35102,2117415,11507,2269647,19241,759121,7949,291,NA,NA,NA,NA,NA,5867,NA,NA,NA,NA,5,"пт","Fri"
